university,career,inscription_date,last_name,gender,age,birth_date,postal_code,location,email
Universidad-nacional-de-río-cuarto,Ingeniería-electrónica,20/Jul/20,Joann-good,F,,01/Jun/06,,"6372-paul-ways-suite-078
port-christopherstad,-oh-26145",Gonzalezbrenda@yahoo.com
Universidad-nacional-de-río-cuarto,Diseño-de-imagen-y-sonido,19/Nov/20,Debbie-pitts,F,,89/Mar/20,,"8250-becker-orchard-apt.-110
lorihaven,-il-42682",Bacosta@gmail.com
Universidad-nacional-de-río-cuarto,Licenciatura-en-ciencias-de-la-educación-,20/Jan/20,Colleen-williams,F,,09/Oct/08,,"0685-martin-glen
lake-frederickland,-al-70378",Margaretowen@gmail.com
Universidad-nacional-de-río-cuarto,Ingeniería-en-informática,21/Jan/20,Johnny-hull,M,,83/Mar/30,,"895-brian-trail-apt.-152
north-marvinton,-ok-41419",Ehale@gmail.com
Universidad-nacional-de-río-cuarto,Actuario-,19/Dec/20,Brandi-gibson,F,,86/Dec/29,,"8976-rice-meadows
south-johnnyview,-al-34696",Nellison@yahoo.com
Universidad-nacional-de-río-cuarto,Licenciatura-en-musicoterapia,21/Apr/20,Danielle-smith,F,,53/May/13,,"70320-jessica-track
lake-david,-wa-15763",Craig22@gmail.com
Universidad-nacional-de-río-cuarto,Licenciatura-en-terapia-ocupacional,21/Dec/20,Jesse-sims,M,,13/Dec/10,,"2138-ross-turnpike-suite-905
north-pamela,-oh-93252",Rebeccakramer@yahoo.com
Universidad-nacional-de-río-cuarto,Licenciatura-en-kinesiología-y-fisiatría,20/Jul/20,Kristi-roberts,F,,97/Jan/28,,"63255-henry-squares
julieburgh,-mt-18894",Gregorymurphy@hotmail.com
Universidad-nacional-de-río-cuarto,Técnico-para-bioterios-,21/Feb/20,William-white,M,,66/Jul/04,,"4704-heather-run-apt.-444
spencerton,-or-62324",Charles27@yahoo.com
Universidad-nacional-de-río-cuarto,Licenciatura-en-ciencias-antropológicas,20/May/20,Ashley-alvarez,F,,11/Apr/08,,"4447-clark-street-suite-899
oneillton,-oh-03267",Glenn38@gmail.com
Universidad-nacional-de-río-cuarto,Licenciatura-en-ciencias-de-la-educación-,20/Oct/20,James-andersen,M,,97/May/18,,"5436-randy-summit
south-melissafurt,-ak-87534",Rachelcobb@yahoo.com
Universidad-nacional-de-río-cuarto,Licenciatura-en-terapia-ocupacional,20/Aug/20,Felicia-jordan,F,,25/Jun/22,,"3458-sarah-walk
shawnborough,-ny-23381",Jameswright@hotmail.com
Universidad-nacional-de-río-cuarto,Licenciatura-en-kinesiología-y-fisiatría,21/Aug/20,Jamie-moore,F,,09/Dec/31,,"341-williams-landing
carolynchester,-pa-13137",Carpenterrebecca@yahoo.com
Universidad-nacional-de-río-cuarto,Licenciatura-en-kinesiología-y-fisiatría,20/Apr/20,Paul-cox,M,,26/Mar/19,,"1149-king-bridge
east-samuelfort,-de-65147",Erin08@yahoo.com
Universidad-nacional-de-río-cuarto,Licenciatura-en-ciencias-ambientales,21/Oct/20,Matthew-koch,M,,09/Nov/08,,"8048-tiffany-gateway
christopherborough,-nv-06478",Danielmichelle@hotmail.com
Universidad-nacional-de-río-cuarto,Diseño-industrial,21/May/20,Tracey-bell,F,,18/Jun/02,,"Psc-3204,-box-3520
apo-aa-28067",Marygallegos@yahoo.com
Universidad-nacional-de-río-cuarto,Diseño-de-imagen-y-sonido,20/Nov/20,Mary-hernandez,F,,87/Oct/13,,"89980-anthony-locks
toddview,-nd-11011",Gsalas@hotmail.com
Universidad-nacional-de-río-cuarto,Licenciatura-en-sociología-,20/Aug/20,Corey-smith,M,,28/Mar/20,,"Unit-2004-box-0876
dpo-ae-84029",Jessicasullivan@yahoo.com
Universidad-nacional-de-río-cuarto,Licenciatura-en-gestión-de-agroalimentos,21/Nov/20,Karen-lewis,F,,49/Dec/29,,"68423-alex-ports-suite-312
lake-kimberly,-ia-94129",Mirandadaniel@gmail.com
Universidad-nacional-de-río-cuarto,Licenciatura-en-psicología,19/Nov/20,Brian-lawrence,M,,43/Mar/05,,"295-william-heights
wolfeport,-mi-36889",Thomascochran@gmail.com
Universidad-nacional-de-río-cuarto,Licenciatura-en-ciencias-ambientales,21/Apr/20,Regina-thornton,F,,53/May/04,,"34997-smith-field-suite-434
kevinport,-la-93247",Crystaldavis@yahoo.com
Universidad-nacional-de-río-cuarto,Técnico-para-bioterios-,20/Jan/20,Richard-thompson,M,,00/Dec/06,,"51180-robertson-fall
rodriguezside,-ak-03969",Maria39@hotmail.com
Universidad-nacional-de-río-cuarto,Licenciatura-en-terapia-ocupacional,20/Aug/20,Jessica-turner,F,,53/Oct/06,,"11718-jennifer-glen-suite-770
davisstad,-fl-00928",Urodriguez@hotmail.com
Universidad-nacional-de-río-cuarto,Licenciatura-en-psicología,20/Feb/20,Kevin-graham,M,,12/Dec/23,,"8665-nathan-brook-suite-440
johnsonland,-nh-75143",Debbie50@yahoo.com
Universidad-nacional-de-río-cuarto,Licenciatura-en-ciencias-geológicas,19/Dec/20,Timothy-smith,M,,09/Jan/13,,"9033-rebecca-bridge-suite-147
sotoberg,-la-41405",Maria98@yahoo.com
Universidad-nacional-de-río-cuarto,Licenciatura-en-ciencias-antropológicas,20/Jul/20,Kevin-bryan,M,,51/Jul/07,,"Uscgc-cooper
fpo-ap-79517",Louisturner@gmail.com
Universidad-nacional-de-río-cuarto,Licenciatura-en-ciencias-de-la-educación-,21/Apr/20,Jeremy-tucker,M,,31/Oct/03,,"196-patricia-falls-apt.-806
north-cathyshire,-ak-61439",Gstark@gmail.com
Universidad-nacional-de-río-cuarto,Técnico-para-bioterios-,20/Oct/20,Marcus-kidd,M,,89/Sep/03,,"65469-jesse-ridges
bridgesburgh,-fl-25209",Stephenkelley@gmail.com
Universidad-nacional-de-río-cuarto,Licenciatura-en-ciencia-y-tecnología-de-alimentos,21/May/20,Jonathan-roberts,M,,85/Dec/01,,"1512-wilson-square-suite-062
thompsonstad,-wy-57376",Andrew27@yahoo.com
Universidad-nacional-de-río-cuarto,Licenciatura-en-ciencias-biológicas,21/Jun/20,Vincent-hart,M,,16/Aug/29,,"38611-thomas-locks
robertfurt,-ny-47481",Martinezjordan@yahoo.com
Universidad-nacional-de-río-cuarto,Licenciatura-en-ciencia-política-,20/Feb/20,Christian-wade,M,,51/Apr/27,,"Unit-9767-box-7057
dpo-ae-43560",Meghan37@gmail.com
Universidad-nacional-de-río-cuarto,Ingeniería-en-informática,20/Sep/20,Corey-parks,M,,50/Jul/22,,"27017-chapman-center-apt.-531
new-william,-or-21923",Fochoa@yahoo.com
Universidad-nacional-de-río-cuarto,Licenciatura-en-gestión-de-agroalimentos,21/May/20,Jared-wang,M,,20/Aug/10,,"15690-cindy-vista
lake-matthew,-ny-74045",Marie79@gmail.com
Universidad-nacional-de-río-cuarto,Licenciatura-en-musicoterapia,21/Nov/20,Jose-rogers,M,,71/Jul/31,,"699-shane-view
lawsonside,-ma-30501",Alyssamelton@gmail.com
Universidad-nacional-de-río-cuarto,Licenciatura-en-ciencias-biológicas,20/Apr/20,Stanley-reed,M,,59/Jun/16,,"2746-randall-ridges
davidland,-ar-11505",Qwest@yahoo.com
Universidad-nacional-de-río-cuarto,Licenciatura-en-terapia-ocupacional,21/Mar/20,Andrew-christian,M,,80/Aug/09,,"6349-sean-place-apt.-921
maryland,-mi-42650",Kmack@hotmail.com
Universidad-nacional-de-río-cuarto,Farmacia,20/Jan/20,Ashley-wilson,F,,91/Jan/21,,"639-anne-square-suite-624
north-joefort,-ar-86991",Bsimon@gmail.com
Universidad-nacional-de-río-cuarto,Licenciatura-en-ciencia-y-tecnología-de-alimentos,21/Aug/20,Amy-miller,F,,58/Jan/28,,"741-hess-ville
west-michelleburgh,-ia-13247",Cwaller@gmail.com
Universidad-nacional-de-río-cuarto,Bioquímica,20/Jun/20,Michael-ochoa,M,,85/Mar/07,,"548-juarez-tunnel-suite-759
north-wayne,-ca-23665",Toddyoung@yahoo.com
Universidad-nacional-de-río-cuarto,Licenciatura-en-artes,21/Jan/20,Elizabeth-rowland,F,,50/Mar/18,,"129-matthew-lock-suite-359
michaelview,-al-77000",Sean73@gmail.com
Universidad-nacional-de-río-cuarto,Licenciatura-en-musicoterapia,20/Apr/20,David-guzman,M,,03/Sep/10,,"3699-lisa-ranch
jessicafurt,-fl-42059",Kellykimberly@yahoo.com
Universidad-nacional-de-río-cuarto,Licenciatura-en-administración-,21/Nov/20,Stephen-coleman,M,,80/Feb/10,,"41144-smith-mews-suite-646
gomezville,-wv-72320",Andersonsteven@gmail.com
Universidad-nacional-de-río-cuarto,Licenciatura-en-sociología-,19/Oct/20,Austin-fernandez,M,,60/Feb/13,,"8494-gray-ferry
lopezside,-ut-37790",April34@gmail.com
Universidad-nacional-de-río-cuarto,Arquitectura,21/Nov/20,Catherine-anderson,F,,54/Nov/03,,"0170-flores-road-suite-313
smithshire,-hi-99081",Tracyzavala@yahoo.com
Universidad-nacional-de-río-cuarto,Arquitectura,19/Dec/20,Andrew-villegas,M,,21/Sep/18,,"21692-lopez-isle
jasonhaven,-sd-98454",Smithmichael@hotmail.com
Universidad-nacional-de-río-cuarto,Licenciatura-en-ciencias-ambientales,19/Oct/20,Gregory-walsh,M,,08/Sep/05,,"9241-hernandez-ridges-apt.-895
kevinfurt,-ny-16378",Bartlettkelsey@gmail.com
Universidad-nacional-de-río-cuarto,Licenciatura-en-musicoterapia,21/Aug/20,Casey-franklin,M,,55/Sep/25,,"8350-patricia-walks-apt.-568
ericmouth,-ks-90691",Parksamy@gmail.com
Universidad-nacional-de-río-cuarto,Ingeniería-electrónica,21/Apr/20,Jennifer-chapman,F,,03/Feb/13,,"6130-crystal-squares-suite-371
frankside,-ga-98034",Alec96@hotmail.com
Universidad-nacional-de-río-cuarto,Actuario-,20/May/20,Matthew-fox,M,,27/Dec/09,,"59168-antonio-bypass-apt.-907
emilychester,-ok-81337",Kimjennifer@yahoo.com
Universidad-nacional-de-río-cuarto,Técnico-para-bioterios-,21/Mar/20,Denise-wilson,F,,48/Oct/28,,"96644-robert-orchard-suite-917
marshallmouth,-fl-11825",Smithsamuel@gmail.com
Universidad-nacional-de-río-cuarto,Agronomía,20/Jan/20,Cheryl-rodriguez,F,,11/Apr/05,,"76791-cannon-mountains-apt.-088
south-stephaniestad,-mn-82194",John18@hotmail.com
Universidad-nacional-de-río-cuarto,Agronomía,19/Oct/20,Chad-wilson,M,,35/Dec/10,,"632-church-flats
south-suzanneshire,-az-60769",Robertjimenez@gmail.com
Universidad-nacional-de-río-cuarto,Licenciatura-en-ciencias-biológicas,20/Jan/20,Kevin-green,M,,54/May/28,,"955-anthony-crossing-apt.-907
east-annamouth,-nh-80477",Smithkayla@gmail.com
Universidad-nacional-de-río-cuarto,Contador-público-,21/May/20,Mindy-young,F,,47/Aug/02,,"7089-taylor-club-suite-793
moorechester,-va-74969",Diazrebecca@hotmail.com
Universidad-nacional-de-río-cuarto,Técnico-para-bioterios-,20/May/20,John-allen,M,,58/May/20,,"741-valdez-well-suite-125
wallacebury,-nd-17125",Qgilmore@yahoo.com
Universidad-nacional-de-río-cuarto,Contador-público-,20/Dec/20,Brian-shannon,M,,29/Feb/02,,"Psc-6549,-box-2076
apo-aa-66496",Hernandezregina@hotmail.com
Universidad-nacional-de-río-cuarto,Medicina,21/Jul/20,Samuel-lewis,M,,96/May/23,,"75756-ariel-road-suite-570
east-betty,-ms-15713",Mary50@yahoo.com
Universidad-nacional-de-río-cuarto,Ingeniería-mecánica,20/Mar/20,Samuel-phillips,M,,45/Nov/18,,"57777-brown-tunnel-apt.-937
michaelstad,-oh-78746",Tracy66@yahoo.com
Universidad-nacional-de-río-cuarto,Técnico-para-bioterios-,21/Feb/20,Stacy-gallagher,F,,85/Nov/17,,"7794-gregory-stream
east-robertview,-hi-13155",Nelsonchristine@gmail.com
Universidad-nacional-de-río-cuarto,Licenciatura-en-sociología-,20/Mar/20,Christopher-anderson,M,,17/Nov/30,,"64299-carla-crossing
east-gary,-wv-76302",Lsanchez@yahoo.com
Universidad-nacional-de-río-cuarto,Diseño-de-imagen-y-sonido,21/May/20,Melanie-sanders,F,,34/Oct/23,,"7361-sandra-station-apt.-921
hannahbury,-tx-39797",Coxstephen@yahoo.com
Universidad-nacional-de-río-cuarto,Licenciatura-en-ciencias-biológicas,21/Jul/20,Matthew-clarke,M,,28/Feb/22,,"7169-bryan-locks
east-hunter,-md-07421",Philip65@yahoo.com
Universidad-nacional-de-río-cuarto,Licenciatura-en-ciencia-y-tecnología-de-alimentos,21/Feb/20,Lauren-levine,F,,36/Nov/25,,"0943-chang-stream
lake-briannashire,-vt-49130",Frios@gmail.com
Universidad-nacional-de-río-cuarto,Ingeniería-en-informática,21/Nov/20,Rodney-lopez,M,,12/Jul/18,,"7587-glover-plain
west-dana,-tx-01088",Santiagonicole@gmail.com
Universidad-nacional-de-río-cuarto,Licenciatura-en-kinesiología-y-fisiatría,21/May/20,Rachel-gutierrez,F,,07/Feb/03,,"58509-daniel-lake
morrischester,-hi-20400",Stokesjason@hotmail.com
Universidad-nacional-de-río-cuarto,Agronomía,20/Feb/20,Sherry-foster,F,,01/Dec/10,,"8830-dawson-bridge-suite-904
zimmermanbury,-ks-12614",Charlesmeadows@hotmail.com
Universidad-nacional-de-río-cuarto,Licenciatura-en-ciencias-antropológicas,21/Apr/20,Kathryn-edwards,F,,42/Apr/05,,"43168-harris-prairie-suite-043
veronicaton,-tn-53118",Jamie72@yahoo.com
Universidad-nacional-de-río-cuarto,Licenciatura-en-psicología,20/Feb/20,Angela-kline,F,,57/Jan/28,,"Uss-stevens
fpo-aa-92837",Riceryan@hotmail.com
Universidad-nacional-de-río-cuarto,Ingeniería-electrónica,21/Jul/20,Angie-moreno,F,,93/Nov/14,,"69659-sharp-land-apt.-660
garciaberg,-mn-74219",Lli@hotmail.com
Universidad-nacional-de-río-cuarto,Licenciatura-en-ciencias-de-la-educación-,21/May/20,Kathleen-thomas,F,,55/Oct/18,,"3706-emily-corner
seanfurt,-tn-06018",Deanlisa@gmail.com
Universidad-nacional-de-río-cuarto,Licenciatura-en-gestión-de-agroalimentos,20/Oct/20,Alexander-kaiser,M,,89/Apr/19,,"009-megan-gateway-apt.-322
lake-randy,-mi-45780",Tyler73@yahoo.com
Universidad-nacional-de-río-cuarto,Licenciatura-en-ciencias-antropológicas,21/Mar/20,Terri-owen,F,,72/Nov/20,,"9932-tina-plains-apt.-902
north-sarahtown,-ca-82588",Leonardjones@gmail.com
Universidad-nacional-de-río-cuarto,Bioquímica,21/Apr/20,Jason-herrera,M,,02/Oct/13,,"Uss-cooley
fpo-aa-19816",Wchen@hotmail.com
Universidad-nacional-de-río-cuarto,Técnico-para-bioterios-,20/Dec/20,John-thompson-dds,M,,68/Jul/25,,"423-kayla-fields-apt.-826
lake-peter,-nh-30100",Ericamoore@gmail.com
Universidad-nacional-de-río-cuarto,Actuario-,21/Dec/20,Tammy-brennan,F,,80/Jan/02,,"74972-gloria-islands
margaretmouth,-il-96557",Ypowell@yahoo.com
Universidad-nacional-de-río-cuarto,Licenciatura-en-ciencias-de-la-educación-,20/Jan/20,Elizabeth-glover,F,,08/Aug/25,,"42637-robert-roads
north-jason,-wy-72887",Davisamy@yahoo.com
Universidad-nacional-de-río-cuarto,Arquitectura,19/Oct/20,Tracy-mcintosh,F,,93/Sep/13,,"1636-lori-ville
lake-sheila,-tn-09372",Scottvazquez@hotmail.com
Universidad-nacional-de-río-cuarto,Farmacia,20/Feb/20,Frederick-johnston,M,,14/Dec/22,,"Usnv-rodriguez
fpo-ae-37516",Brownsierra@hotmail.com
Universidad-nacional-de-río-cuarto,Licenciatura-en-kinesiología-y-fisiatría,19/Nov/20,William-page,M,,45/Oct/23,,"165-brown-mount
robinsonside,-id-98642",Wiselaura@gmail.com
Universidad-nacional-de-río-cuarto,Agronomía,20/Apr/20,Richard-kelley,M,,39/Sep/07,,"0396-benjamin-ways-suite-149
south-suzanne,-wi-18582",Davisalbert@gmail.com
Universidad-nacional-de-río-cuarto,Ingeniería-mecánica,21/Apr/20,Erica-abbott,F,,38/Nov/13,,"5306-foster-drive
new-james,-al-22837",Talvarado@gmail.com
Universidad-nacional-de-río-cuarto,Licenciatura-en-ciencias-ambientales,21/Jul/20,Karen-kemp,F,,97/Aug/18,,"62534-robinson-rest
lopezport,-ia-57150",Aprilfernandez@yahoo.com
Universidad-nacional-de-río-cuarto,Licenciatura-en-ciencias-biológicas,19/Dec/20,Jordan-roberts,M,,47/Mar/08,,"278-thomas-locks-apt.-618
south-samuelland,-dc-44198",Njackson@gmail.com
Universidad-nacional-de-río-cuarto,Licenciatura-en-ciencias-de-la-computación,20/Sep/20,Dr.-alexis-hess,F,,05/Sep/23,,"868-huynh-park-apt.-511
anthonymouth,-nd-46750",Jessica60@yahoo.com
Universidad-nacional-de-río-cuarto,Actuario-,21/Aug/20,James-rogers,M,,80/Jun/12,,"Unit-9731-box-6195
dpo-ae-88212",Bowmanchristina@yahoo.com
Universidad-nacional-de-río-cuarto,Bioquímica,20/Jul/20,Chris-vance,M,,69/May/23,,"Unit-7008-box-3081
dpo-ap-26502",Zbrennan@yahoo.com
Universidad-nacional-de-río-cuarto,Técnico-para-bioterios-,20/Dec/20,Matthew-graham,M,,41/Sep/30,,"7650-bob-rue
north-pamelafort,-ri-19790",Ucordova@yahoo.com
Universidad-nacional-de-río-cuarto,Diseño-de-imagen-y-sonido,19/Dec/20,Christina-thomas,F,,15/Nov/10,,"7314-rebecca-ridge-apt.-283
new-ryan,-in-51775",Qhernandez@hotmail.com
Universidad-nacional-de-río-cuarto,Licenciatura-en-ciencias-de-la-educación-,21/Oct/20,Sabrina-reynolds,F,,09/Jan/19,,"63687-munoz-greens-suite-503
michellemouth,-ms-98640",Vroberts@hotmail.com
Universidad-nacional-de-río-cuarto,Licenciatura-en-musicoterapia,19/Dec/20,Julia-cook,F,,73/Nov/24,,"Unit-9736-box-2893
dpo-ae-11119",Bradydanny@yahoo.com
Universidad-nacional-de-río-cuarto,Licenciatura-en-ciencia-y-tecnología-de-alimentos,21/Feb/20,Garrett-alexander,M,,33/Jul/29,,"292-christopher-forges
aguirrefurt,-al-02530",Hailey94@hotmail.com
Universidad-nacional-de-río-cuarto,Licenciatura-en-ciencias-antropológicas,21/Jan/20,Deborah-nguyen,F,,92/Aug/25,,"398-simon-forges-apt.-927
hinesland,-dc-50941",Donald94@hotmail.com
Universidad-nacional-de-río-cuarto,Diseño-industrial,19/Oct/20,Troy-calderon,M,,77/May/29,,"3659-olson-inlet-apt.-043
ortizmouth,-tn-13073",Dennisrichard@hotmail.com
Universidad-nacional-de-río-cuarto,Licenciatura-en-ciencias-ambientales,20/May/20,Valerie-chavez,F,,39/Aug/15,,"367-davis-cove
wilsonshire,-ia-71294",Andrewtaylor@gmail.com
Universidad-nacional-de-río-cuarto,Licenciatura-en-ciencia-política-,21/Oct/20,Kayla-mccann,F,,79/Jun/25,,"302-sanchez-route
ashleymouth,-tn-92315",Xtucker@gmail.com
Universidad-nacional-de-río-cuarto,Licenciatura-en-producción-de-bioimagenes,21/Aug/20,Pamela-mcintosh,F,,40/Aug/10,,"75474-allen-lights
smithhaven,-il-94875",Michelle65@yahoo.com
Universidad-nacional-de-río-cuarto,Arquitectura,20/Jan/20,Kevin-leon,M,,60/Aug/02,,"902-green-center-apt.-642
port-steven,-nh-73511",Kaylahall@yahoo.com
Universidad-nacional-de-río-cuarto,Licenciatura-en-sociología-,21/Nov/20,Megan-jackson,F,,68/Feb/23,,"4245-briggs-center-apt.-271
reevesshire,-ak-61490",Cowankelly@gmail.com
Universidad-nacional-de-río-cuarto,Ingeniería-mecánica,21/Mar/20,Christopher-glenn,M,,24/Mar/07,,"16858-villarreal-path
west-johnberg,-ms-43028",Johnferguson@yahoo.com
Universidad-nacional-de-río-cuarto,Farmacia,21/Mar/20,Mark-ortiz,M,,78/May/09,,"122-nichols-plaza-apt.-199
tuckerberg,-de-83109",Alanbond@hotmail.com
Universidad-nacional-de-río-cuarto,Técnico-para-bioterios-,20/Sep/20,Pamela-moon,F,,64/Nov/10,,"Usns-garcia
fpo-ae-41903",Frankjohnson@hotmail.com
Universidad-nacional-de-río-cuarto,Licenciatura-en-relaciones-del-trabajo-,20/Apr/20,Casey-scott,M,,82/Jan/22,,"Unit-9319-box-2643
dpo-ap-01377",Robert40@hotmail.com
Universidad-nacional-de-río-cuarto,Licenciatura-en-producción-de-bioimagenes,21/Jun/20,Gordon-bailey,M,,09/Aug/28,,"3461-patrick-hollow-apt.-493
lake-ericaland,-fl-65055",Qhudson@hotmail.com
Universidad-nacional-de-río-cuarto,Licenciatura-en-planificación-y-diseño-del-paisaje,21/Jun/20,Michelle-gentry,F,,89/Feb/18,,"696-james-view-apt.-800
new-deniseport,-la-84723",Kellyanderson@hotmail.com
Universidad-nacional-de-río-cuarto,Farmacia,20/Apr/20,Henry-smith,M,,87/Oct/13,,"793-eric-spurs-apt.-227
lemouth,-oh-59493",Turnerlaurie@yahoo.com
Universidad-nacional-de-río-cuarto,Licenciatura-en-ciencia-y-tecnología-de-alimentos,21/Mar/20,Michelle-rodriguez,F,,58/Feb/23,,"19910-brown-station-suite-079
west-gregorymouth,-ma-43191",Solisjennifer@yahoo.com
Universidad-nacional-de-río-cuarto,Ingeniería-mecánica,20/Dec/20,Arthur-rodriguez,M,,38/Jul/19,,"8242-dale-points
port-connie,-me-84451",Ramossusan@gmail.com
Universidad-nacional-de-río-cuarto,Licenciatura-en-artes,19/Oct/20,Rita-torres,F,,88/Nov/28,,"9031-porter-highway
new-jennifer,-ar-44395",Harrisphillip@gmail.com
Universidad-nacional-de-río-cuarto,Licenciatura-en-terapia-ocupacional,19/Nov/20,Lauren-turner,F,,12/May/23,,"905-matthew-plain-suite-467
west-lindsey,-az-99474",Waltonstephen@gmail.com
Universidad-nacional-de-río-cuarto,Licenciatura-en-ciencias-antropológicas,20/Jun/20,Stacy-perez,F,,70/Jan/13,,"50725-brian-court
new-amyport,-ne-80480",Travismaddox@yahoo.com
Universidad-nacional-de-río-cuarto,Técnico-para-bioterios-,21/Dec/20,Katelyn-thompson,F,,94/Oct/15,,"280-bell-fords-suite-248
new-brian,-mo-25730",Dawnmata@gmail.com
Universidad-nacional-de-río-cuarto,Ingeniería-electrónica,21/Nov/20,Michael-prince,M,,62/Aug/14,,"76996-jones-walk
east-ashleyhaven,-ct-04284",Nicholasdoyle@yahoo.com
Universidad-nacional-de-río-cuarto,Licenciatura-en-psicología,20/Mar/20,Gloria-miller,F,,14/Jan/08,,"197-robertson-plains
east-michaelhaven,-ok-35747",Robert39@gmail.com
Universidad-nacional-de-río-cuarto,Licenciatura-en-artes,20/Jan/20,Tara-gilbert,F,,45/Feb/09,,"888-sarah-island
west-andrea,-co-93291",Pwilliams@hotmail.com
Universidad-nacional-de-río-cuarto,Licenciatura-en-ciencias-ambientales,21/Feb/20,Jeremiah-burns,M,,61/Aug/30,,"40156-lee-villages
martinezland,-az-25003",Wrightcassandra@yahoo.com
Universidad-nacional-de-río-cuarto,Licenciatura-en-gestión-de-agroalimentos,19/Nov/20,Rhonda-freeman,F,,45/Jul/19,,"0453-mitchell-shores
lake-mary,-ga-28659",Cindywashington@gmail.com
Universidad-nacional-de-río-cuarto,Ingeniería-en-informática,20/Aug/20,Christina-baird,F,,89/Oct/03,,"99251-wheeler-mission-apt.-555
berryview,-wa-72737",Gravestiffany@hotmail.com
Universidad-nacional-de-río-cuarto,Actuario-,21/Feb/20,Alexander-johnson,M,,42/Dec/22,,"623-spencer-hollow-suite-723
smithburgh,-fl-49977",Ianmosley@yahoo.com
Universidad-nacional-de-río-cuarto,Ciencias-veterinarias,21/Aug/20,Heather-shaw,F,,86/Mar/03,,"46959-leslie-throughway-suite-041
kellytown,-nd-36914",Martinezdavid@gmail.com
Universidad-nacional-de-río-cuarto,Técnico-para-bioterios-,21/Jan/20,Victoria-martin,F,,12/Oct/23,,"399-christian-village-apt.-211
jaredstad,-ok-10366",Jeremiahporter@yahoo.com
Universidad-nacional-de-río-cuarto,Licenciatura-en-ciencias-ambientales,19/Dec/20,Nicole-cooper,F,,25/Jul/08,,"7016-phillips-villages-suite-353
brucemouth,-ms-77989",Griffinlarry@hotmail.com
Universidad-nacional-de-río-cuarto,Licenciatura-en-ciencias-de-la-computación,21/Jan/20,Thomas-cook,M,,06/Dec/07,,"5612-brandi-burg
west-christinamouth,-mo-99442",Zthompson@hotmail.com
Universidad-nacional-de-río-cuarto,Licenciatura-en-psicología,20/Mar/20,Juan-smith,M,,45/Feb/04,,"Usnv-dawson
fpo-ap-58544",Chelsealawson@hotmail.com
Universidad-nacional-de-río-cuarto,Arquitectura,21/Feb/20,Jonathan-marshall,M,,18/Jul/21,,"933-shannon-manor-apt.-073
smithside,-ks-57666",Unoble@hotmail.com
Universidad-nacional-de-río-cuarto,Licenciatura-en-ciencia-y-tecnología-de-alimentos,21/Sep/20,Donna-moore,F,,01/Jul/30,,"024-nicole-forges-suite-508
aprilfurt,-az-74651",Stuartmatthew@hotmail.com
Universidad-nacional-de-río-cuarto,Licenciatura-en-producción-de-bioimagenes,20/May/20,Maxwell-mills,M,,27/Aug/16,,"5537-tracy-locks
lake-benjamin,-sc-61435",Gibsoncrystal@hotmail.com
Universidad-nacional-de-río-cuarto,Licenciatura-en-psicología,20/Feb/20,Thomas-johnson,M,,16/Feb/14,,"Psc-8409,-box-1266
apo-aa-29692",Dunlaplaura@hotmail.com
Universidad-nacional-de-río-cuarto,Licenciatura-en-planificación-y-diseño-del-paisaje,20/Mar/20,Patricia-morales,F,,19/Apr/11,,"Psc-8670,-box-6726
apo-ap-29015",Evanswendy@yahoo.com
Universidad-nacional-de-río-cuarto,Ingeniería-electrónica,20/Jun/20,Charles-johns,M,,10/Apr/30,,"70957-roberts-throughway-apt.-775
port-paul,-ne-85390",Mikestephens@gmail.com
Universidad-nacional-de-río-cuarto,Medicina,19/Dec/20,Jeffrey-anderson,M,,21/Aug/27,,"47158-baker-branch-apt.-403
west-matthew,-tx-73153",Joe80@gmail.com
Universidad-nacional-de-río-cuarto,Licenciatura-en-administración-,21/Mar/20,Jonathan-brown,M,,85/Aug/12,,"1354-peter-radial-suite-431
johnberg,-ga-27408",Jonesmichael@hotmail.com
Universidad-nacional-de-río-cuarto,Diseño-industrial,20/Jun/20,Sandra-pearson,F,,27/Jun/16,,"00835-jessica-via-apt.-542
port-richard,-wv-02682",Patrickhawkins@yahoo.com
Universidad-nacional-de-río-cuarto,Ciencias-veterinarias,20/Feb/20,Stephen-cruz,M,,03/Jul/14,,"6614-turner-islands-apt.-453
south-johnnyville,-mo-73951",Jroberts@gmail.com
Universidad-nacional-de-río-cuarto,Licenciatura-en-administración-,21/Apr/20,Anthony-taylor,M,,11/Feb/20,,"6881-cain-burgs
north-grantbury,-mo-92692",Laurapham@yahoo.com
Universidad-nacional-de-río-cuarto,Licenciatura-en-ciencia-y-tecnología-de-alimentos,20/Feb/20,James-lopez,M,,11/Feb/21,,"333-martha-haven
east-jennifer,-nd-60168",Christopher58@hotmail.com
Universidad-nacional-de-río-cuarto,Licenciatura-en-ciencias-geológicas,20/Nov/20,James-smith,M,,10/Aug/27,,"73428-amber-lane
new-matthewmouth,-mt-66568",Jessicagibbs@yahoo.com
Universidad-nacional-de-río-cuarto,Licenciatura-en-relaciones-del-trabajo-,20/Jul/20,Angel-ramirez,F,,10/Apr/01,,"623-mitchell-neck-suite-290
west-james,-ct-99598",Lsmith@yahoo.com
Universidad-nacional-de-río-cuarto,Farmacia,21/Dec/20,Matthew-meyer,M,,95/Oct/05,,"484-howard-cove-suite-913
aliciamouth,-ca-77181",Drew16@gmail.com
Universidad-nacional-de-río-cuarto,Técnico-para-bioterios-,21/Feb/20,Kelly-sanders,F,,52/Mar/19,,"88915-theresa-isle
marcberg,-wi-07568",Atkinstoni@yahoo.com
Universidad-nacional-de-río-cuarto,Licenciatura-en-planificación-y-diseño-del-paisaje,21/Apr/20,Shawn-rodriguez,M,,08/Oct/30,,"32315-kevin-drives
south-amanda,-ca-33708",Owright@yahoo.com
Universidad-nacional-de-río-cuarto,Licenciatura-en-terapia-ocupacional,21/May/20,Matthew-cruz,M,,06/Jun/07,,"385-tonya-divide-suite-192
port-lisa,-dc-27440",Elizabethholder@gmail.com
Universidad-nacional-de-río-cuarto,Diseño-industrial,20/Jun/20,Kim-myers,F,,83/Dec/29,,"675-edwards-orchard
east-ericmouth,-in-46977",Gwagner@yahoo.com
Universidad-nacional-de-río-cuarto,Licenciatura-en-musicoterapia,20/Jul/20,Donna-allen,F,,54/Jan/21,,"09203-bianca-walk-suite-926
kristenburgh,-ky-35268",Shannonmartin@hotmail.com
Universidad-nacional-de-río-cuarto,Licenciatura-en-producción-de-bioimagenes,19/Nov/20,Larry-jackson,M,,62/Feb/18,,"6513-keith-mill
lake-elizabeth,-wi-66281",Tcummings@hotmail.com
Universidad-nacional-de-río-cuarto,Medicina,20/Apr/20,Jonathan-austin,M,,41/Feb/12,,"51484-barry-lake
east-rhonda,-me-45012",Jasoncarr@yahoo.com
Universidad-nacional-de-río-cuarto,Arquitectura,21/Dec/20,Norman-hernandez,M,,49/Aug/14,,"81524-peterson-avenue
west-alan,-fl-38084",Qmathews@yahoo.com
Universidad-nacional-de-río-cuarto,Licenciatura-en-ciencias-geológicas,20/Jun/20,Amanda-hodges,F,,50/Sep/16,,"162-duncan-forest
georgeton,-az-20073",Elizabethhicks@yahoo.com
Universidad-nacional-de-río-cuarto,Técnico-para-bioterios-,21/Jun/20,Lucas-durham,M,,97/Nov/23,,"745-scott-square-apt.-619
tammyhaven,-fl-70296",Smcdonald@hotmail.com
Universidad-nacional-de-río-cuarto,Diseño-industrial,21/May/20,James-lopez,M,,75/Dec/21,,"7954-jenkins-garden-suite-718
browningside,-co-60856",John93@gmail.com
Universidad-nacional-de-río-cuarto,Licenciatura-en-terapia-ocupacional,19/Nov/20,Samantha-moore,F,,44/Jul/03,,"Uss-mcdowell
fpo-ap-15282",Poconnell@hotmail.com
Universidad-nacional-de-río-cuarto,Arquitectura,21/Oct/20,Thomas-woods,M,,27/Jul/31,,"7192-moore-common
west-markshire,-va-73310",Lindsey40@yahoo.com
Universidad-nacional-de-río-cuarto,Diseño-industrial,20/Oct/20,Mr.-dennis-lee,M,,15/Aug/12,,"9456-chapman-tunnel-suite-279
new-brooke,-va-93325",Laurenpowell@yahoo.com
Universidad-nacional-de-río-cuarto,Licenciatura-en-ciencias-biológicas,21/Jul/20,Bonnie-beck,F,,18/Nov/19,,"925-rachael-mall
christopherhaven,-ok-57850",Osalazar@gmail.com
Universidad-nacional-de-río-cuarto,Ingeniería-electrónica,20/Jun/20,Patricia-houston,F,,95/May/28,,"2086-hall-canyon-suite-449
port-glennhaven,-hi-58376",Hstephens@yahoo.com
Universidad-nacional-de-río-cuarto,Ciencias-veterinarias,19/Dec/20,Heather-scott,F,,90/Jul/13,,"25551-joseph-estates-apt.-709
north-mia,-nv-79967",Clarkdouglas@hotmail.com
Universidad-nacional-de-río-cuarto,Licenciatura-en-ciencias-antropológicas,20/Sep/20,Daniel-vega,M,,36/Apr/16,,"66362-eric-pine-apt.-439
new-laura,-hi-26215",Ruthcruz@hotmail.com
Universidad-nacional-de-río-cuarto,Licenciatura-en-ciencias-ambientales,20/Jan/20,Sarah-burns,F,,81/Nov/20,,"557-cody-cliffs
west-johnbury,-nh-89177",Donnareynolds@yahoo.com
Universidad-nacional-de-río-cuarto,Licenciatura-en-ciencias-antropológicas,20/Feb/20,Christina-spence,F,,63/Aug/16,,"6525-ross-circles-apt.-706
fergusonstad,-de-58945",Buckleytaylor@gmail.com
Universidad-nacional-de-río-cuarto,Arquitectura,19/Oct/20,Jeffery-gutierrez,M,,18/Nov/26,,"822-davis-common
wongmouth,-me-36302",Melissanguyen@gmail.com
Universidad-nacional-de-río-cuarto,Actuario-,20/Nov/20,Becky-dunn,F,,13/Feb/14,,"Psc-1741,-box-6631
apo-aa-21074",Wolfeamanda@gmail.com
Universidad-nacional-de-río-cuarto,Técnico-para-bioterios-,21/Jun/20,Christian-henry,M,,00/Jan/21,,"524-evans-crossroad-apt.-647
jasonfurt,-wa-57970",Mcarpenter@gmail.com
Universidad-nacional-de-río-cuarto,Licenciatura-en-ciencias-ambientales,20/May/20,Katie-schultz,F,,09/May/03,,"1095-jessica-viaduct
jonesstad,-dc-37999",Christopherjimenez@yahoo.com
Universidad-nacional-de-río-cuarto,Licenciatura-en-relaciones-del-trabajo-,20/May/20,Cynthia-johnson,F,,09/Nov/11,,"8774-fields-ranch
south-annaport,-nh-38330",Hallricardo@hotmail.com
Universidad-nacional-de-río-cuarto,Contador-público-,21/Mar/20,James-riley,M,,68/Feb/19,,"Psc-9693,-box-1321
apo-ae-85352",Tiffany23@yahoo.com
Universidad-nacional-de-río-cuarto,Arquitectura,21/Aug/20,Patrick-mitchell,M,,12/Mar/18,,"58295-jackson-extensions
east-matthew,-ar-95754",Justin64@gmail.com
Universidad-nacional-de-río-cuarto,Ingeniería-en-informática,21/Mar/20,Tyler-delgado,M,,11/Apr/01,,"129-schmidt-viaduct
south-jennifer,-ak-53646",Trevinojohn@hotmail.com
Universidad-nacional-de-río-cuarto,Diseño-de-imagen-y-sonido,21/Feb/20,Matthew-hernandez,M,,75/Sep/03,,"Psc-3152,-box-7859
apo-aa-82925",Kristiepotter@hotmail.com
Universidad-nacional-de-río-cuarto,Técnico-para-bioterios-,21/Nov/20,Michelle-moss,F,,13/Jul/25,,"91378-house-spurs-apt.-733
gordonton,-wa-96994",Jirwin@yahoo.com
Universidad-nacional-de-río-cuarto,Licenciatura-en-sociología-,21/Jul/20,Michelle-meyer,F,,24/Apr/01,,"858-chan-ramp
leebury,-nd-30181",Vancejennifer@hotmail.com
Universidad-nacional-de-río-cuarto,Ingeniería-electrónica,21/Jan/20,Angela-hensley,F,,32/Mar/21,,"Psc-0650,-box-4377
apo-ap-44672",Ycastillo@yahoo.com
Universidad-nacional-de-río-cuarto,Ingeniería-en-informática,20/Feb/20,Bonnie-day,F,,89/Aug/27,,"9794-steven-centers
robertport,-la-67692",Wbush@yahoo.com
Universidad-nacional-de-río-cuarto,Licenciatura-en-ciencia-y-tecnología-de-alimentos,21/Feb/20,Kimberly-clarke,F,,36/Sep/20,,"863-hodges-throughway
jeremymouth,-il-37493",Perezrandy@yahoo.com
Universidad-nacional-de-río-cuarto,Agronomía,21/Jan/20,Luis-paul,M,,08/Jan/02,,"027-booth-divide
carpenterborough,-sd-85165",Kturner@yahoo.com
Universidad-nacional-de-río-cuarto,Licenciatura-en-administración-,20/Oct/20,Stephen-estrada,M,,34/Jun/05,,"876-michael-pines
nolanview,-fl-76635",Schultzmindy@yahoo.com
Universidad-nacional-de-río-cuarto,Arquitectura,20/Jul/20,Kevin-dalton,M,,59/May/08,,"67933-grant-shores-suite-487
east-jonathanberg,-ne-40291",Snowlinda@yahoo.com
Universidad-nacional-de-río-cuarto,Arquitectura,21/Sep/20,Jerry-bradley,M,,78/Jul/10,,"4523-wang-radial
lake-frankland,-ma-65599",Kimberlywhitaker@hotmail.com
Universidad-nacional-de-río-cuarto,Licenciatura-en-ciencias-biológicas,20/Mar/20,Dr.-juan-moore-dds,M,,79/Aug/22,,"714-craig-harbors-suite-541
west-robert,-nc-62504",Petersbrian@gmail.com
Universidad-nacional-de-río-cuarto,Licenciatura-en-ciencias-geológicas,19/Nov/20,Donna-turner,F,,20/Nov/06,,"34098-walters-via-apt.-808
martinezchester,-tn-54050",Cmontgomery@yahoo.com
Universidad-nacional-de-río-cuarto,Ingeniería-en-informática,19/Dec/20,Kevin-sparks,M,,47/May/20,,"97942-emma-fords-suite-071
susanland,-az-62197",Clinton26@yahoo.com
Universidad-nacional-de-río-cuarto,Medicina,21/May/20,Lynn-brown,F,,98/May/04,,"96716-carson-mall
new-tracyfurt,-fl-58116",Vthompson@yahoo.com
Universidad-nacional-de-río-cuarto,Ciencias-veterinarias,20/Jan/20,Angela-martin,F,,82/Apr/16,,"65539-richard-squares-apt.-074
north-jameston,-ky-52664",Juliegonzales@yahoo.com
Universidad-nacional-de-río-cuarto,Licenciatura-en-ciencias-geológicas,21/Aug/20,Rebecca-weaver,F,,16/Mar/25,,"0527-donald-pine-apt.-147
north-albertburgh,-ak-49473",Gardnermegan@gmail.com
Universidad-nacional-de-río-cuarto,Licenciatura-en-kinesiología-y-fisiatría,20/Oct/20,Michael-miller,M,,49/Mar/14,,"Uss-washington
fpo-aa-53438",Diane57@hotmail.com
Universidad-nacional-de-río-cuarto,Licenciatura-en-planificación-y-diseño-del-paisaje,20/Feb/20,Bradley-lee,M,,96/Sep/16,,"580-tony-pine
mooneyview,-hi-47553",Nathanielthompson@hotmail.com
Universidad-nacional-de-río-cuarto,Licenciatura-en-artes,20/Jun/20,Ryan-white,M,,08/May/25,,"1414-woods-mountains
west-jessicahaven,-il-12833",Pattonbrett@hotmail.com
Universidad-nacional-de-río-cuarto,Ciencias-veterinarias,20/Nov/20,Kyle-carpenter,M,,11/Nov/12,,"544-jennings-gateway
lake-sarah,-vt-85758",Guerradebra@gmail.com
Universidad-nacional-de-río-cuarto,Licenciatura-en-artes,20/Dec/20,Amber-harris,F,,08/Sep/15,,"292-lewis-coves
pamelaland,-sd-77785",Ndelgado@hotmail.com
Universidad-nacional-de-río-cuarto,Licenciatura-en-psicología,19/Nov/20,Shawn-parks,M,,49/Sep/16,,"Uss-adams
fpo-ap-30045",Phillipsbrian@hotmail.com
Universidad-nacional-de-río-cuarto,Ciencias-veterinarias,20/Feb/20,Daryl-thomas,M,,72/Feb/27,,"Psc-1433,-box-7560
apo-ap-48505",Jcampbell@hotmail.com
Universidad-nacional-de-río-cuarto,Licenciatura-en-ciencia-y-tecnología-de-alimentos,21/Oct/20,Shawn-schultz,M,,07/Jan/23,,"29916-derek-parkway-suite-539
claudiaberg,-il-55866",Eryan@gmail.com
Universidad-nacional-de-río-cuarto,Licenciatura-en-ciencias-de-la-computación,21/Apr/20,Misty-edwards,F,,10/Apr/06,,"9887-taylor-roads-apt.-737
ianhaven,-nd-90199",Hannahpadilla@gmail.com
Universidad-nacional-de-río-cuarto,Arquitectura,20/Jun/20,Andrea-avery,F,,65/Jan/25,,"315-jones-stream-suite-091
port-craigfort,-wy-49606",Carlyavila@gmail.com
Universidad-nacional-de-río-cuarto,Licenciatura-en-ciencia-política-,20/Mar/20,Justin-jimenez,M,,09/Jul/21,,"527-mcclain-cove
south-mirandabury,-tn-40423",Foxlinda@hotmail.com
Universidad-nacional-de-río-cuarto,Farmacia,19/Nov/20,Karen-pruitt,F,,22/Jan/18,,"096-blackwell-heights-apt.-790
east-holly,-la-23040",Smithhannah@yahoo.com
Universidad-nacional-de-río-cuarto,Licenciatura-en-ciencias-ambientales,21/May/20,Andrew-rodriguez,M,,76/Aug/08,,"4807-riley-throughway
thomaschester,-ks-75996",Patrick13@yahoo.com
Universidad-nacional-de-río-cuarto,Licenciatura-en-kinesiología-y-fisiatría,20/Oct/20,Lawrence-peck,M,,71/May/01,,"Psc-2035,-box-0685
apo-ae-26921",Jessica95@gmail.com
Universidad-nacional-de-río-cuarto,Ingeniería-electrónica,21/Dec/20,Mary-kelley,F,,22/Dec/02,,"743-marc-island-suite-743
port-carlashire,-nj-12904",Malonejeremy@hotmail.com
Universidad-nacional-de-río-cuarto,Ingeniería-mecánica,20/Apr/20,Mark-payne,M,,47/Apr/04,,"Psc-0698,-box-7517
apo-aa-64857",Brian88@gmail.com
Universidad-nacional-de-río-cuarto,Ingeniería-en-informática,20/Apr/20,Samantha-nunez,F,,12/Feb/21,,"52617-shaw-pine-apt.-785
huntberg,-md-87255",Travisvasquez@yahoo.com
Universidad-nacional-de-río-cuarto,Contador-público-,21/Jul/20,Christopher-scott,M,,16/May/02,,"89375-anderson-stravenue
port-elizabeth,-id-86885",Larry22@gmail.com
Universidad-nacional-de-río-cuarto,Licenciatura-en-psicología,20/Jan/20,Patrick-ball,M,,60/Nov/20,,"5781-michelle-fork
thomasport,-co-71016",Wesleyleon@gmail.com
Universidad-nacional-de-río-cuarto,Ciencias-veterinarias,21/May/20,Alisha-chapman,F,,83/Jun/01,,"87775-douglas-corner
elizabethbury,-ar-28439",Hannah27@gmail.com
Universidad-nacional-de-río-cuarto,Licenciatura-en-artes,21/Nov/20,Evelyn-jones,F,,13/Mar/30,,"565-miranda-rue
south-jasmine,-mn-27340",Anne86@yahoo.com
Universidad-nacional-de-río-cuarto,Diseño-de-imagen-y-sonido,21/May/20,Sarah-brewer,F,,06/Aug/20,,"Unit-1906-box-7242
dpo-ap-14920",Linda14@yahoo.com
Universidad-nacional-de-río-cuarto,Licenciatura-en-administración-,21/Sep/20,Brittany-cooper,F,,72/Sep/18,,"6391-kara-trail-apt.-529
north-ashleyside,-la-49667",Sarawilson@gmail.com
Universidad-nacional-de-río-cuarto,Licenciatura-en-producción-de-bioimagenes,20/Dec/20,Brian-bell,M,,09/Dec/04,,"56812-melvin-village-apt.-542
east-stephanie,-ri-56718",Shannongonzalez@hotmail.com
Universidad-nacional-de-río-cuarto,Licenciatura-en-ciencias-biológicas,21/Jun/20,Willie-gonzalez,M,,67/Jul/03,,"Psc-2517,-box-1969
apo-aa-62962",Gdennis@yahoo.com
Universidad-nacional-de-río-cuarto,Diseño-industrial,20/Jan/20,Michael-watts,M,,35/Feb/19,,"134-jaclyn-lane-apt.-465
north-joseph,-dc-34415",Andrewsantos@gmail.com
Universidad-nacional-de-río-cuarto,Licenciatura-en-kinesiología-y-fisiatría,19/Nov/20,William-jacobson,M,,03/Aug/27,,"6563-wilson-brook-apt.-681
port-patricia,-az-70865",Boydlinda@gmail.com
Universidad-nacional-de-río-cuarto,Licenciatura-en-terapia-ocupacional,21/Apr/20,Toni-friedman,F,,27/Oct/02,,"398-trevino-meadow
hoffmantown,-fl-22605",Mandrade@gmail.com
Universidad-nacional-de-río-cuarto,Licenciatura-en-psicología,19/Oct/20,Joanna-harris,F,,08/Sep/07,,"3146-guerrero-forks-apt.-037
bradleystad,-va-26254",Kenneth89@yahoo.com
Universidad-nacional-de-río-cuarto,Licenciatura-en-administración-,21/Aug/20,Danielle-nelson,F,,66/May/10,,"6164-carter-passage
port-jeffreyfort,-nc-56292",Melissachandler@yahoo.com
Universidad-nacional-de-río-cuarto,Licenciatura-en-psicología,20/Mar/20,Steven-powers,M,,27/Oct/24,,"64317-valerie-ville-apt.-869
new-katie,-id-38558",Meredith09@hotmail.com
Universidad-nacional-de-río-cuarto,Bioquímica,21/Sep/20,Joshua-powell,M,,77/Sep/01,,"428-foster-courts
port-peter,-ky-87163",Garrisondominic@gmail.com
Universidad-nacional-de-río-cuarto,Licenciatura-en-terapia-ocupacional,20/Nov/20,Scott-cox,M,,07/Jul/06,,"63299-york-junction-apt.-721
jorgefort,-ut-91070",Brendamorales@yahoo.com
Universidad-nacional-de-río-cuarto,Farmacia,20/Sep/20,Matthew-hernandez,M,,77/Jun/27,,"24442-wilson-pass
lake-peter,-ga-94158",Wholt@hotmail.com
Universidad-nacional-de-río-cuarto,Licenciatura-en-ciencia-política-,21/Mar/20,Erin-avila-dds,F,,90/Aug/06,,"368-danielle-island-apt.-709
port-derrick,-oh-93265",Amber69@yahoo.com
Universidad-nacional-de-río-cuarto,Licenciatura-en-ciencia-política-,21/Apr/20,Jon-randolph,M,,46/Dec/11,,"60825-wang-circle-apt.-954
thorntonview,-sc-28711",Qreynolds@hotmail.com
Universidad-nacional-de-río-cuarto,Licenciatura-en-sociología-,20/Oct/20,Michelle-perry,F,,46/Dec/20,,"9525-julie-street
new-megan,-vt-04577",Marcusparks@yahoo.com
Universidad-nacional-de-río-cuarto,Licenciatura-en-ciencias-ambientales,20/Oct/20,Marcus-fuller,M,,11/Aug/11,,"08679-stewart-manors
adkinsmouth,-ia-45507",Herrerasarah@yahoo.com
Universidad-nacional-de-río-cuarto,Licenciatura-en-planificación-y-diseño-del-paisaje,20/Jul/20,Nicole-lee,F,,15/Sep/04,,"4919-keith-shoals-apt.-898
east-ethan,-pa-51545",Ashley39@yahoo.com
Universidad-nacional-de-río-cuarto,Contador-público-,20/Nov/20,Benjamin-sanchez,M,,43/Aug/07,,"18529-allen-bridge-suite-893
carolynhaven,-ne-69508",Kjohnson@yahoo.com
Universidad-nacional-de-río-cuarto,Licenciatura-en-sociología-,21/Jun/20,Paul-mejia,M,,64/Aug/16,,"09344-rodriguez-tunnel-suite-153
jessicaview,-nc-20897",Bmatthews@yahoo.com
Universidad-nacional-de-río-cuarto,Ingeniería-en-informática,21/Aug/20,Peggy-flores,F,,04/Apr/30,,"145-erin-groves-apt.-000
new-heather,-wa-81381",Rpage@yahoo.com
Universidad-nacional-de-río-cuarto,Licenciatura-en-ciencia-política-,21/May/20,John-vaughan,M,,99/Jan/28,,"Unit-0666-box-2686
dpo-aa-72228",Ashleybowers@gmail.com
Universidad-nacional-de-río-cuarto,Licenciatura-en-ciencias-biológicas,21/Jul/20,Heidi-thompson,F,,71/Apr/01,,"81485-monica-ways
debbieton,-ga-82188",Ybowen@yahoo.com
Universidad-nacional-de-río-cuarto,Arquitectura,21/Sep/20,Troy-rodriguez,M,,56/Jan/28,,"904-nguyen-junctions-suite-113
stacyside,-vt-95365",Cantrelljanet@yahoo.com
Universidad-nacional-de-río-cuarto,Licenciatura-en-ciencias-antropológicas,21/Mar/20,Andrew-simon,M,,35/Jan/25,,"6703-peterson-forks-suite-954
jillianland,-ks-42563",Patrickatkins@hotmail.com
Universidad-nacional-de-río-cuarto,Diseño-de-imagen-y-sonido,20/Jan/20,Austin-hansen,M,,10/May/07,,"Unit-3344-box-5520
dpo-ap-80855",Stephanie60@gmail.com
Universidad-nacional-de-río-cuarto,Licenciatura-en-sociología-,21/Sep/20,John-myers,M,,66/Jan/14,,"5428-danielle-dam-apt.-786
lake-jessicaburgh,-oh-61092",Kristenflores@yahoo.com
Universidad-nacional-de-río-cuarto,Ingeniería-mecánica,21/Apr/20,James-maynard,M,,34/Feb/04,,"475-hill-corner
south-jeffery,-co-35964",Jenniferhunter@hotmail.com
Universidad-nacional-de-río-cuarto,Licenciatura-en-ciencias-de-la-computación,21/May/20,Rebecca-bradley,F,,77/Jul/13,,"Unit-4013-box-3784
dpo-aa-81478",Ftaylor@gmail.com
Universidad-nacional-de-río-cuarto,Licenciatura-en-sociología-,21/Mar/20,Sandra-martinez,F,,49/Sep/07,,"602-campbell-mills-suite-906
lake-mariaberg,-ar-10803",Leslie05@gmail.com
Universidad-nacional-de-río-cuarto,Diseño-industrial,20/Jul/20,Mary-morgan,F,,87/Sep/14,,"0735-shannon-mount-apt.-413
port-joanberg,-nv-49079",Whitneysteven@yahoo.com
Universidad-nacional-de-río-cuarto,Licenciatura-en-ciencias-de-la-computación,20/Jun/20,Justin-grimes,M,,12/Jun/16,,"0872-gonzales-brooks-suite-970
sanchezland,-ar-43134",Upena@yahoo.com
Universidad-nacional-de-río-cuarto,Licenciatura-en-kinesiología-y-fisiatría,19/Nov/20,Megan-stark,F,,09/Jul/23,,"752-kristie-spur
paulfort,-md-64500",Kenneth42@yahoo.com
Universidad-nacional-de-río-cuarto,Contador-público-,20/Mar/20,Courtney-watkins,F,,42/Feb/24,,"648-french-pass
richardmouth,-nd-12810",Christopher16@hotmail.com
Universidad-nacional-de-río-cuarto,Licenciatura-en-ciencias-ambientales,21/Mar/20,Nicole-brown,F,,06/Jun/21,,"56216-combs-fork-apt.-089
west-williambury,-ky-75897",Nbrown@yahoo.com
Universidad-nacional-de-río-cuarto,Licenciatura-en-ciencias-antropológicas,20/Jun/20,Alexander-walker,M,,69/Sep/16,,"205-jessica-orchard-suite-540
kristinfurt,-hi-78358",Vpeterson@yahoo.com
Universidad-nacional-de-río-cuarto,Diseño-de-imagen-y-sonido,21/Oct/20,Brandon-richmond,M,,67/Jan/06,,"95714-miller-isle
west-james,-ok-19855",Frenchmarco@yahoo.com
Universidad-nacional-de-río-cuarto,Agronomía,19/Dec/20,David-stewart,M,,07/Dec/31,,"910-logan-grove
port-emilyfort,-ar-06884",Robert18@hotmail.com
Universidad-nacional-de-río-cuarto,Ingeniería-en-informática,21/Nov/20,Kimberly-sexton,F,,61/Sep/27,,"8341-amanda-dale-suite-633
brendaborough,-ca-45852",David45@hotmail.com
Universidad-nacional-de-río-cuarto,Licenciatura-en-musicoterapia,21/Aug/20,Melissa-gray,F,,06/Aug/11,,"41579-roy-gardens
port-cynthia,-tx-29269",Teresa97@hotmail.com
Universidad-nacional-de-río-cuarto,Técnico-para-bioterios-,21/Nov/20,Daniel-miller,M,,18/Jun/08,,"58542-garrett-valleys
matthewville,-nd-12973",John24@yahoo.com
Universidad-nacional-de-río-cuarto,Licenciatura-en-sociología-,21/Jan/20,Benjamin-ruiz,M,,72/Jul/10,,"67699-best-river-suite-856
emilybury,-dc-39189",Juanmurphy@hotmail.com
Universidad-nacional-de-río-cuarto,Diseño-industrial,20/Dec/20,Theresa-hicks,F,,60/Jun/13,,"6883-adams-brook-suite-280
south-christinafort,-id-11909",Floydjacqueline@gmail.com
Universidad-nacional-de-río-cuarto,Licenciatura-en-terapia-ocupacional,21/Apr/20,Nicholas-reynolds,M,,35/Jun/07,,"384-robert-valleys-apt.-113
justinview,-il-25240",Rodriguezariel@hotmail.com
Universidad-nacional-de-río-cuarto,Contador-público-,21/Aug/20,Robert-hartman,M,,16/Dec/02,,"245-smith-falls-suite-010
williamsfurt,-il-11031",Sarahwebster@hotmail.com
Universidad-nacional-de-río-cuarto,Licenciatura-en-ciencias-antropológicas,21/Oct/20,Brady-stevenson,M,,18/Mar/31,,"Unit-2773-box-2550
dpo-ap-88132",Rdunn@hotmail.com
Universidad-nacional-de-río-cuarto,Ingeniería-mecánica,21/Sep/20,Justin-dickerson,M,,47/Oct/25,,"383-jesse-estates
millermouth,-la-88832",Tammie60@hotmail.com
Universidad-nacional-de-río-cuarto,Medicina,21/Mar/20,William-peterson,M,,72/May/14,,"502-alfred-trafficway-apt.-427
michelemouth,-ca-57732",Allenwesley@gmail.com
Universidad-nacional-de-río-cuarto,Ingeniería-electrónica,21/Oct/20,Adam-smith,M,,30/Nov/10,,"6440-perez-neck
hallview,-nm-98249",Therman@yahoo.com
Universidad-nacional-de-río-cuarto,Técnico-para-bioterios-,20/Jun/20,Linda-larson,F,,83/Apr/06,,"704-steven-island-apt.-851
east-racheltown,-co-74911",Jesuswilson@gmail.com
Universidad-nacional-de-río-cuarto,Medicina,21/Mar/20,Kimberly-ware,F,,60/Jun/26,,"05428-joseph-knolls
tylerhaven,-ny-67952",Cjohnson@gmail.com
Universidad-nacional-de-río-cuarto,Actuario-,20/Mar/20,Andrew-leonard,M,,10/Oct/08,,"08601-ariana-point-suite-554
new-courtney,-nh-03701",Calvin89@gmail.com
Universidad-nacional-de-río-cuarto,Diseño-industrial,21/Jan/20,Anthony-mckinney,M,,93/Feb/07,,"2311-regina-prairie
frankmouth,-in-99692",Ashley86@hotmail.com
Universidad-nacional-de-río-cuarto,Licenciatura-en-ciencia-y-tecnología-de-alimentos,20/Jan/20,Daniel-stuart,M,,13/Dec/18,,"68038-whitney-hill-suite-335
lake-samuelside,-nd-46785",Christina05@yahoo.com
Universidad-nacional-de-río-cuarto,Licenciatura-en-kinesiología-y-fisiatría,21/Feb/20,Kelli-daniel,F,,63/Jan/31,,"Usns-frost
fpo-ap-16249",Paulturner@hotmail.com
Universidad-nacional-de-río-cuarto,Licenciatura-en-musicoterapia,21/Jan/20,Justin-walker,M,,22/Apr/08,,"0239-nicole-radial
hicksside,-mt-82299",Nicholaswilson@gmail.com
Universidad-nacional-de-río-cuarto,Licenciatura-en-relaciones-del-trabajo-,20/Feb/20,Scott-patel,M,,82/Sep/13,,"7266-mark-square-apt.-332
north-kristin,-oh-89746",Charlesanderson@hotmail.com
Universidad-nacional-de-río-cuarto,Licenciatura-en-musicoterapia,21/Oct/20,Oscar-roth,M,,38/Dec/02,,"8187-brown-fork-apt.-602
north-kevin,-pa-54469",Vsimmons@gmail.com
Universidad-nacional-de-río-cuarto,Licenciatura-en-terapia-ocupacional,20/May/20,Aaron-shepherd,M,,03/Oct/08,,"Unit-3890-box-3922
dpo-aa-90159",Trevinotiffany@yahoo.com
Universidad-nacional-de-río-cuarto,Ingeniería-en-informática,19/Nov/20,Tamara-shelton,F,,54/Apr/29,,"46773-walker-parks-apt.-390
wilsonmouth,-nm-71571",Sextoncrystal@hotmail.com
Universidad-nacional-de-río-cuarto,Ingeniería-en-informática,20/Aug/20,Michael-rasmussen,M,,31/Apr/04,,"24804-davis-pine
millsville,-mo-18906",Joshua97@hotmail.com
Universidad-nacional-de-río-cuarto,Diseño-de-imagen-y-sonido,20/Apr/20,Heather-wheeler,F,,01/May/24,,"42969-cochran-bypass-apt.-727
port-brianshire,-wa-17977",Dennis27@gmail.com
Universidad-nacional-de-río-cuarto,Ingeniería-en-informática,20/Feb/20,David-kramer,M,,52/May/13,,"5628-jimenez-views-suite-981
east-brooke,-ky-02972",Meghancampbell@gmail.com
Universidad-nacional-de-río-cuarto,Ingeniería-mecánica,21/Oct/20,Michael-baldwin,M,,63/Jan/05,,"374-tyler-vista-apt.-289
port-jamiefurt,-wv-53841",Victoriahill@gmail.com
Universidad-nacional-de-río-cuarto,Licenciatura-en-musicoterapia,20/Jan/20,Travis-harrison,M,,15/Mar/26,,"92329-wanda-mountain-apt.-661
aliciaburgh,-ia-58176",Jlucas@hotmail.com
Universidad-nacional-de-río-cuarto,Licenciatura-en-relaciones-del-trabajo-,21/Apr/20,Kim-osborne,F,,84/Jan/03,,"1320-cassandra-pike-apt.-914
south-katherineview,-az-12633",Ygeorge@yahoo.com
Universidad-nacional-de-río-cuarto,Licenciatura-en-terapia-ocupacional,21/Aug/20,Gary-walker,M,,71/Feb/12,,"254-coleman-crescent-apt.-462
new-diana,-fl-35524",Gomezamber@yahoo.com
Universidad-nacional-de-río-cuarto,Contador-público-,20/Dec/20,Robert-keller,M,,39/Jan/21,,"4508-phillip-ferry
christianstad,-ma-79507",Hcarter@yahoo.com
Universidad-nacional-de-río-cuarto,Arquitectura,21/Sep/20,Susan-miller,F,,76/Aug/31,,"3713-brittany-overpass-apt.-281
sarahside,-wi-05780",Dpeters@yahoo.com
Universidad-nacional-de-río-cuarto,Licenciatura-en-ciencias-ambientales,21/May/20,Glen-lawson,M,,65/Sep/19,,"Psc-4685,-box-9292
apo-ae-64335",Shelby98@gmail.com
Universidad-nacional-de-río-cuarto,Licenciatura-en-producción-de-bioimagenes,19/Oct/20,Nicholas-cohen,M,,52/Aug/12,,"79687-danielle-cove-suite-560
west-barbara,-wy-50169",Thomasroberts@yahoo.com
Universidad-nacional-de-río-cuarto,Farmacia,21/Jun/20,Kent-johnson,M,,21/Jan/20,,"8275-william-lights
whiteview,-id-19490",Ginachristian@gmail.com
Universidad-nacional-de-río-cuarto,Licenciatura-en-sociología-,19/Dec/20,Heather-morgan,F,,08/Nov/04,,"6631-tony-mountains
karaborough,-vt-75051",Michaelandrade@hotmail.com
Universidad-nacional-de-río-cuarto,Ciencias-veterinarias,20/Apr/20,Derek-moore,M,,03/Feb/05,,"5272-bradley-divide-suite-084
north-jose,-nm-43840",Xpena@yahoo.com
Universidad-nacional-de-río-cuarto,Actuario-,20/Sep/20,Kevin-valentine,M,,13/Oct/16,,"3219-wade-port
gibsonborough,-vt-72389",Hernandezjason@hotmail.com
Universidad-nacional-de-río-cuarto,Licenciatura-en-terapia-ocupacional,21/Jun/20,Emily-morales,F,,10/May/05,,"99720-cook-flat
new-vanessafort,-hi-55319",Veronica39@hotmail.com
Universidad-nacional-de-río-cuarto,Licenciatura-en-ciencias-de-la-educación-,20/Jul/20,Jennifer-morris,F,,10/Aug/13,,"898-patel-ramp
phillipsfort,-tx-50644",Angelawebb@gmail.com
Universidad-nacional-de-río-cuarto,Licenciatura-en-sociología-,21/Apr/20,Stephen-morrison,M,,14/Feb/12,,"Usns-sutton
fpo-ae-45598",Abigailking@yahoo.com
Universidad-nacional-de-río-cuarto,Licenciatura-en-ciencias-ambientales,20/Feb/20,Jessica-rodriguez,F,,16/Aug/05,,"02278-richardson-ferry
craneview,-ar-54713",Michael72@gmail.com
Universidad-nacional-de-río-cuarto,Agronomía,20/Sep/20,Kaitlin-johnson,F,,16/Jan/28,,"41404-nathan-island-apt.-818
garcialand,-nm-17463",Asaunders@hotmail.com
Universidad-nacional-de-río-cuarto,Ingeniería-electrónica,20/Sep/20,Keith-delacruz,M,,19/Jun/06,,"6640-tim-harbors
north-tammybury,-nh-66457",Barry04@gmail.com
Universidad-nacional-de-río-cuarto,Licenciatura-en-ciencias-de-la-educación-,19/Nov/20,Melanie-shaw,F,,74/Jan/15,,"252-valerie-port-suite-107
west-timothyville,-wv-20845",Jallen@gmail.com
Universidad-nacional-de-río-cuarto,Ingeniería-en-informática,19/Nov/20,Tim-moore,M,,73/Jan/23,,"341-john-plains-suite-337
nathanielshire,-wi-59333",Roberthoffman@yahoo.com
Universidad-nacional-de-río-cuarto,Ingeniería-electrónica,21/Jul/20,Richard-simmons,M,,16/May/25,,"77876-jennifer-orchard-suite-868
port-jennifer,-ks-54676",Kevin22@gmail.com
Universidad-nacional-de-río-cuarto,Técnico-para-bioterios-,21/Jun/20,Lindsay-hoover,F,,47/Aug/11,,"9558-xavier-branch-apt.-235
new-danielmouth,-ms-75015",Sheachristopher@gmail.com
Universidad-nacional-de-río-cuarto,Licenciatura-en-producción-de-bioimagenes,20/Feb/20,Mary-hughes,F,,67/Dec/05,,"63317-thomas-terrace-suite-703
lake-jennifer,-va-82920",Griffinpeter@gmail.com
Universidad-nacional-de-río-cuarto,Licenciatura-en-ciencias-de-la-educación-,20/Dec/20,Danielle-mclean,F,,74/Sep/23,,"232-amy-ports-suite-342
karaside,-nh-08311",Beckdaniel@gmail.com
Universidad-nacional-de-río-cuarto,Diseño-industrial,20/Nov/20,Joshua-adams,M,,84/Feb/20,,"9783-jesse-manor-suite-926
lambberg,-al-20572",Nfletcher@hotmail.com
Universidad-nacional-de-río-cuarto,Ingeniería-electrónica,21/Apr/20,Jared-santiago,M,,17/Mar/29,,"018-benson-pines-suite-671
west-randyburgh,-sc-32501",Amber33@hotmail.com
Universidad-nacional-de-río-cuarto,Licenciatura-en-kinesiología-y-fisiatría,21/Jul/20,Denise-mueller,F,,14/Jun/17,,"4888-michael-dam
east-julia,-al-75799",Dodsonamy@yahoo.com
Universidad-nacional-de-río-cuarto,Ingeniería-en-informática,21/Mar/20,Andrew-boyd,M,,67/Apr/20,,"62691-lee-dam-apt.-011
stephaniefort,-ky-71519",Jkaufman@yahoo.com
Universidad-nacional-de-río-cuarto,Licenciatura-en-gestión-de-agroalimentos,20/Apr/20,Kristen-hernandez,F,,69/Jan/28,,"8240-dunn-course-suite-203
port-amandaland,-ut-54274",Jeanne25@yahoo.com
Universidad-nacional-de-río-cuarto,Agronomía,21/Feb/20,Levi-byrd,M,,07/Sep/19,,"8196-ayala-wall
wallacetown,-ri-76586",Tjohnson@hotmail.com
Universidad-nacional-de-río-cuarto,Licenciatura-en-ciencias-geológicas,20/Sep/20,Sara-richardson,F,,95/Mar/07,,"349-bush-groves
south-cheyenneside,-ny-35789",Hsavage@gmail.com
Universidad-nacional-de-río-cuarto,Licenciatura-en-ciencias-de-la-educación-,21/Dec/20,Travis-long,M,,77/Aug/29,,"2665-rivera-course-apt.-775
port-jasonchester,-il-75202",Larrybrown@yahoo.com
Universidad-nacional-de-río-cuarto,Licenciatura-en-artes,20/Jan/20,Jennifer-vargas,F,,68/May/04,,"Unit-3479-box-7424
dpo-ap-44018",Johncharles@gmail.com
Universidad-nacional-de-río-cuarto,Licenciatura-en-administración-,20/Aug/20,Andrew-johnson,M,,73/Jun/19,,"05280-robert-street-apt.-757
south-kimberly,-nh-44119",Wflores@yahoo.com
Universidad-nacional-de-río-cuarto,Bioquímica,21/Aug/20,Kenneth-williamson-phd,M,,15/Dec/14,,"2584-shepherd-crossroad
anthonystad,-ri-16813",Tonyjoseph@gmail.com
Universidad-nacional-de-río-cuarto,Licenciatura-en-gestión-de-agroalimentos,19/Oct/20,Mrs.-christy-diaz,F,,19/Dec/10,,"886-erik-lock
cannonmouth,-mn-25517",Christophermoreno@yahoo.com
Universidad-nacional-de-río-cuarto,Licenciatura-en-ciencia-política-,21/Mar/20,Sarah-reyes,F,,20/Jul/08,,"30649-tucker-inlet-suite-210
ginafort,-ks-28366",Tayloramber@hotmail.com
Universidad-nacional-de-río-cuarto,Licenciatura-en-kinesiología-y-fisiatría,20/Aug/20,Dawn-roman,F,,74/May/27,,"8638-carol-cape-apt.-829
markshire,-id-55209",Marythompson@gmail.com
Universidad-nacional-de-río-cuarto,Licenciatura-en-producción-de-bioimagenes,21/Feb/20,Linda-barber,F,,09/Oct/19,,"53186-henry-pike
smithstad,-co-19321",Kimberlyjenkins@gmail.com
Universidad-nacional-de-río-cuarto,Licenciatura-en-relaciones-del-trabajo-,21/Aug/20,Rebecca-gillespie,F,,09/Nov/06,,"96334-smith-drives-suite-375
north-brookehaven,-nc-40110",Reyesadrian@gmail.com
Universidad-nacional-de-río-cuarto,Licenciatura-en-ciencias-antropológicas,21/Aug/20,Joel-walker,M,,37/Jun/13,,"22278-alexander-mount-suite-026
west-katherineburgh,-ca-33901",Mark48@yahoo.com
Universidad-nacional-de-río-cuarto,Diseño-de-imagen-y-sonido,21/Aug/20,Andre-boyer,M,,10/Jul/14,,"618-sweeney-lodge-apt.-527
gomezbury,-vt-82772",Cheryl96@yahoo.com
Universidad-nacional-de-río-cuarto,Licenciatura-en-kinesiología-y-fisiatría,21/Jun/20,Theresa-bailey,F,,01/Nov/27,,"6137-fowler-burgs-suite-082
east-jamesport,-ct-33863",Xhill@yahoo.com
Universidad-nacional-de-río-cuarto,Licenciatura-en-artes,20/Jun/20,Kelly-payne,F,,52/May/11,,"7045-christopher-village-suite-266
south-michael,-nh-20734",Sonya18@yahoo.com
Universidad-nacional-de-río-cuarto,Licenciatura-en-artes,20/Nov/20,Daisy-hoffman,F,,10/Jul/17,,"48375-hess-courts-apt.-468
east-zachary,-pa-29655",Zleblanc@gmail.com
Universidad-nacional-de-río-cuarto,Licenciatura-en-musicoterapia,21/Jan/20,Clayton-jones,M,,01/Jun/02,,"934-mcdonald-point
andrealand,-sc-36009",Brett22@hotmail.com
Universidad-nacional-de-río-cuarto,Licenciatura-en-gestión-de-agroalimentos,21/Sep/20,Dr.-laura-livingston,F,,85/Nov/27,,"3710-kim-landing-apt.-926
smithtown,-me-74340",Lhooper@gmail.com
Universidad-nacional-de-río-cuarto,Licenciatura-en-gestión-de-agroalimentos,21/Mar/20,Andrea-caldwell,F,,25/Jan/26,,"492-washington-forks
west-joshua,-il-29868",Qmoyer@gmail.com
Universidad-nacional-de-río-cuarto,Licenciatura-en-planificación-y-diseño-del-paisaje,20/Apr/20,Christina-walker,F,,87/Apr/14,,"9257-buckley-grove
north-anthony,-ak-52448",Costaryan@hotmail.com
Universidad-nacional-de-río-cuarto,Agronomía,19/Nov/20,William-wilson,M,,40/Mar/24,,"3566-alexis-isle-apt.-644
patelland,-id-63500",Laurenwilliams@hotmail.com
Universidad-nacional-de-río-cuarto,Diseño-de-imagen-y-sonido,20/Jul/20,Nancy-gonzalez,F,,19/Nov/04,,"90781-stephens-prairie
tanyaport,-me-32082",Shannon40@gmail.com
Universidad-nacional-de-río-cuarto,Licenciatura-en-ciencias-de-la-educación-,20/Jan/20,Melissa-mason,F,,95/Aug/16,,"6271-barnett-forges
collinsmouth,-la-00702",Mhernandez@hotmail.com
Universidad-nacional-de-río-cuarto,Licenciatura-en-ciencias-de-la-computación,21/Aug/20,Holly-williams,F,,91/Aug/13,,"59997-orr-falls-apt.-011
new-clayton,-md-44102",Reynoldsbrian@yahoo.com
Universidad-nacional-de-río-cuarto,Licenciatura-en-planificación-y-diseño-del-paisaje,20/Jan/20,Jason-rodriguez,M,,91/Oct/09,,"44168-jackie-lane-apt.-272
hallfurt,-nv-67278",Trosales@hotmail.com
Universidad-nacional-de-río-cuarto,Contador-público-,20/Apr/20,Jason-rivera,M,,67/Jul/14,,"0407-lara-plains
west-richard,-ut-29210",Hobbsdavid@yahoo.com
Universidad-nacional-de-río-cuarto,Agronomía,21/Oct/20,Kevin-smith,M,,73/Nov/26,,"1189-chavez-shoals
north-leonardport,-ut-33214",Christinawolfe@yahoo.com
Universidad-nacional-de-río-cuarto,Licenciatura-en-terapia-ocupacional,20/Dec/20,Cheryl-stokes,F,,82/May/16,,"05571-jarvis-square-apt.-210
south-brooke,-ne-77387",Goodmanmark@gmail.com
Universidad-nacional-de-río-cuarto,Licenciatura-en-relaciones-del-trabajo-,19/Oct/20,Edward-wilson,M,,12/Oct/23,,"97488-ralph-ways
west-megan,-oh-24110",Salazaralbert@gmail.com
Universidad-nacional-de-río-cuarto,Medicina,21/Nov/20,Daniel-griffin,M,,41/Mar/15,,"61070-guzman-dale
new-charlottemouth,-oh-75296",Walkertiffany@gmail.com
Universidad-nacional-de-río-cuarto,Contador-público-,20/Nov/20,Alison-kaufman,F,,79/Sep/04,,"5590-white-roads
port-marco,-nm-94604",Jade42@yahoo.com
Universidad-nacional-de-río-cuarto,Licenciatura-en-relaciones-del-trabajo-,21/Nov/20,Madison-maldonado,F,,81/Aug/26,,"62764-jenkins-cliffs-apt.-879
victoriaborough,-in-53186",Jasminerodriguez@yahoo.com
Universidad-nacional-de-río-cuarto,Diseño-industrial,21/Jul/20,Martha-clark,F,,57/Nov/13,,"39134-king-mountains
east-joshuachester,-nd-76114",Todom@yahoo.com
Universidad-nacional-de-río-cuarto,Diseño-de-imagen-y-sonido,20/Dec/20,Patrick-phillips,M,,29/May/19,,"41813-christine-drive
reyesmouth,-ne-30345",Donnasimon@gmail.com
Universidad-nacional-de-río-cuarto,Bioquímica,21/Dec/20,Julie-meyer,F,,10/Jun/17,,"7776-alexandra-harbor
port-john,-de-06446",Smithandrew@hotmail.com
Universidad-nacional-de-río-cuarto,Licenciatura-en-ciencias-antropológicas,20/Nov/20,Emma-knapp,F,,56/Nov/14,,"251-dawson-lights
new-michael,-ca-29292",Kking@yahoo.com
Universidad-nacional-de-río-cuarto,Ingeniería-en-informática,21/Dec/20,Joseph-jensen,M,,97/Mar/28,,"70650-jennifer-land
new-luke,-fl-87392",Bellronald@hotmail.com
