,university,career,inscription_date,last_name,gender,age,postal_code,location,email
0,universidad nacional de río cuarto,ingeniería electrónica,2020-07-20,joann good,female,21,2840,albardon,gonzalezbrenda@yahoo.com
1,universidad nacional de río cuarto,diseño de imagen y sonido,2020-11-19,debbie pitts,female,33,5315,calera la norma,bacosta@gmail.com
2,universidad nacional de río cuarto,licenciatura en ciencias de la educación ,2020-01-20,colleen williams,female,12,3203,arroyo grande,margaretowen@gmail.com
3,universidad nacional de río cuarto,ingeniería en informática,2020-01-21,johnny hull,male,39,3136,alcaraz norte,ehale@gmail.com
4,universidad nacional de río cuarto,actuario ,2020-12-19,brandi gibson,female,35,1741,enrique fynn,nellison@yahoo.com
5,universidad nacional de río cuarto,licenciatura en musicoterapia,2020-04-21,danielle smith,female,69,1605,carapachay,craig22@gmail.com
6,universidad nacional de río cuarto,licenciatura en terapia ocupacional,2020-12-21,jesse sims,male,8,6009,san marcelo,rebeccakramer@yahoo.com
7,universidad nacional de río cuarto,licenciatura en kinesiología y fisiatría,2020-07-20,kristi roberts,female,25,9313,cara mala,gregorymurphy@hotmail.com
8,universidad nacional de río cuarto,técnico para bioterios ,2020-02-21,william white,male,56,7101,cerro de la gloria canal 15,charles27@yahoo.com
9,universidad nacional de río cuarto,licenciatura en ciencias antropológicas,2020-05-20,ashley alvarez,female,11,3734,campo moreno,glenn38@gmail.com
10,universidad nacional de río cuarto,licenciatura en ciencias de la educación ,2020-10-20,james andersen,male,25,6437,alamos,rachelcobb@yahoo.com
11,universidad nacional de río cuarto,licenciatura en terapia ocupacional,2020-08-20,felicia jordan,female,97,5611,agua rica,jameswright@hotmail.com
12,universidad nacional de río cuarto,licenciatura en kinesiología y fisiatría,2020-08-21,jamie moore,female,12,3105,diamante,carpenterrebecca@yahoo.com
13,universidad nacional de río cuarto,licenciatura en kinesiología y fisiatría,2020-04-20,paul cox,male,96,7220,funke,erin08@yahoo.com
14,universidad nacional de río cuarto,licenciatura en ciencias ambientales,2020-10-21,matthew koch,male,12,6405,30 de agosto,danielmichelle@hotmail.com
15,universidad nacional de río cuarto,diseño industrial,2020-05-21,tracey bell,female,4,2931,isla los laureles,marygallegos@yahoo.com
16,universidad nacional de río cuarto,diseño de imagen y sonido,2020-11-20,mary hernandez,female,34,3572,campo garabato,gsalas@hotmail.com
17,universidad nacional de río cuarto,licenciatura en sociología ,2020-08-20,corey smith,male,94,3125,antonio tomas,jessicasullivan@yahoo.com
18,universidad nacional de río cuarto,licenciatura en gestión de agroalimentos,2020-11-21,karen lewis,female,72,7639,cooper,mirandadaniel@gmail.com
19,universidad nacional de río cuarto,licenciatura en psicología,2020-11-19,brian lawrence,male,79,6467,el trio,thomascochran@gmail.com
20,universidad nacional de río cuarto,licenciatura en ciencias ambientales,2020-04-21,regina thornton,female,69,3180,diego lopez,crystaldavis@yahoo.com
21,universidad nacional de río cuarto,técnico para bioterios ,2020-01-20,richard thompson,male,21,1981,desvio kilometro 55,maria39@hotmail.com
22,universidad nacional de río cuarto,licenciatura en terapia ocupacional,2020-08-20,jessica turner,female,68,4624,abra mayo,urodriguez@hotmail.com
23,universidad nacional de río cuarto,licenciatura en psicología,2020-02-20,kevin graham,male,9,3463,aristia,debbie50@yahoo.com
24,universidad nacional de río cuarto,licenciatura en ciencias geológicas,2020-12-19,timothy smith,male,13,2812,capilla del señor,maria98@yahoo.com
25,universidad nacional de río cuarto,licenciatura en ciencias antropológicas,2020-07-20,kevin bryan,male,71,1896,camino centenario km 11500,louisturner@gmail.com
26,universidad nacional de río cuarto,licenciatura en ciencias de la educación ,2020-04-21,jeremy tucker,male,90,7406,aldecon,gstark@gmail.com
27,universidad nacional de río cuarto,técnico para bioterios ,2020-10-20,marcus kidd,male,33,3580,kilometro 408,stephenkelley@gmail.com
28,universidad nacional de río cuarto,licenciatura en ciencia y tecnología de alimentos,2020-05-21,jonathan roberts,male,36,2747,coronel isleños,andrew27@yahoo.com
29,universidad nacional de río cuarto,licenciatura en ciencias biológicas,2020-06-21,vincent hart,male,6,8411,cascada los cantaros,martinezjordan@yahoo.com
30,universidad nacional de río cuarto,licenciatura en ciencia política ,2020-02-20,christian wade,male,71,7100,dolores,meghan37@gmail.com
31,universidad nacional de río cuarto,ingeniería en informática,2020-09-20,corey parks,male,72,1891,ingeniero allan,fochoa@yahoo.com
32,universidad nacional de río cuarto,licenciatura en gestión de agroalimentos,2020-05-21,jared wang,male,2,3285,berduc,marie79@gmail.com
33,universidad nacional de río cuarto,licenciatura en musicoterapia,2020-11-21,jose rogers,male,51,1617,el talar,alyssamelton@gmail.com
34,universidad nacional de río cuarto,licenciatura en ciencias biológicas,2020-04-20,stanley reed,male,63,5595,cupiles,qwest@yahoo.com
35,universidad nacional de río cuarto,licenciatura en terapia ocupacional,2020-03-21,andrew christian,male,42,7641,balneario los angeles,kmack@hotmail.com
36,universidad nacional de río cuarto,farmacia,2020-01-20,ashley wilson,female,31,3304,barrio don santiago,bsimon@gmail.com
37,universidad nacional de río cuarto,licenciatura en ciencia y tecnología de alimentos,2020-08-21,amy miller,female,64,3515,capitan solari,cwaller@gmail.com
38,universidad nacional de río cuarto,bioquímica,2020-06-20,michael ochoa,male,37,5622,colonia jauregui,toddyoung@yahoo.com
39,universidad nacional de río cuarto,licenciatura en artes,2020-01-21,elizabeth rowland,female,72,4135,caspinchango,sean73@gmail.com
40,universidad nacional de río cuarto,licenciatura en musicoterapia,2020-04-20,david guzman,male,19,6628,colonia zambungo,kellykimberly@yahoo.com
41,universidad nacional de río cuarto,licenciatura en administración ,2020-11-21,stephen coleman,male,42,9023,buen pasto,andersonsteven@gmail.com
42,universidad nacional de río cuarto,licenciatura en sociología ,2020-10-19,austin fernandez,male,62,3197,abra guazu,april34@gmail.com
43,universidad nacional de río cuarto,arquitectura,2020-11-21,catherine anderson,female,67,7107,santa teresita,tracyzavala@yahoo.com
44,universidad nacional de río cuarto,arquitectura,2020-12-19,andrew villegas,male,0,2179,bombal,smithmichael@hotmail.com
45,universidad nacional de río cuarto,licenciatura en ciencias ambientales,2020-10-19,gregory walsh,male,14,5409,adan quiroga,bartlettkelsey@gmail.com
46,universidad nacional de río cuarto,licenciatura en musicoterapia,2020-08-21,casey franklin,male,66,6725,carmen de areco,parksamy@gmail.com
47,universidad nacional de río cuarto,ingeniería electrónica,2020-04-21,jennifer chapman,female,19,8504,cantera villalonga,alec96@hotmail.com
48,universidad nacional de río cuarto,actuario ,2020-05-20,matthew fox,male,94,4161,alongo,kimjennifer@yahoo.com
49,universidad nacional de río cuarto,técnico para bioterios ,2020-03-21,denise wilson,female,73,2252,colonia campo piaggio,smithsamuel@gmail.com
50,universidad nacional de río cuarto,agronomía,2020-01-20,cheryl rodriguez,female,11,2128,arroyo seco,john18@hotmail.com
51,universidad nacional de río cuarto,agronomía,2020-10-19,chad wilson,male,86,1686,hurlingham,robertjimenez@gmail.com
52,universidad nacional de río cuarto,licenciatura en ciencias biológicas,2020-01-20,kevin green,male,68,5571,chivilcoy,smithkayla@gmail.com
53,universidad nacional de río cuarto,contador público ,2020-05-21,mindy young,female,75,7228,abbott,diazrebecca@hotmail.com
54,universidad nacional de río cuarto,técnico para bioterios ,2020-05-20,john allen,male,64,3109,colonia centenario,qgilmore@yahoo.com
55,universidad nacional de río cuarto,contador público ,2020-12-20,brian shannon,male,93,3526,gandolfi,hernandezregina@hotmail.com
56,universidad nacional de río cuarto,medicina,2020-07-21,samuel lewis,male,26,2935,algarrobo,mary50@yahoo.com
57,universidad nacional de río cuarto,ingeniería mecánica,2020-03-20,samuel phillips,male,76,7108,costa del este,tracy66@yahoo.com
58,universidad nacional de río cuarto,técnico para bioterios ,2020-02-21,stacy gallagher,female,36,2111,francisco paz,nelsonchristine@gmail.com
59,universidad nacional de río cuarto,licenciatura en sociología ,2020-03-20,christopher anderson,male,4,8366,chelforo,lsanchez@yahoo.com
60,universidad nacional de río cuarto,diseño de imagen y sonido,2020-05-21,melanie sanders,female,87,5517,cespedes,coxstephen@yahoo.com
61,universidad nacional de río cuarto,licenciatura en ciencias biológicas,2020-07-21,matthew clarke,male,94,8000,adela corti,philip65@yahoo.com
62,universidad nacional de río cuarto,licenciatura en ciencia y tecnología de alimentos,2020-02-21,lauren levine,female,85,6321,caichue,frios@gmail.com
63,universidad nacional de río cuarto,ingeniería en informática,2020-11-21,rodney lopez,male,10,3443,colonia mendez bar,santiagonicole@gmail.com
64,universidad nacional de río cuarto,licenciatura en kinesiología y fisiatría,2020-05-21,rachel gutierrez,female,15,6277,buena esperanza,stokesjason@hotmail.com
65,universidad nacional de río cuarto,agronomía,2020-02-20,sherry foster,female,20,2802,lomas del rio lujan,charlesmeadows@hotmail.com
66,universidad nacional de río cuarto,licenciatura en ciencias antropológicas,2020-04-21,kathryn edwards,female,80,3540,avanzada,jamie72@yahoo.com
67,universidad nacional de río cuarto,licenciatura en psicología,2020-02-20,angela kline,female,65,4103,bajo de raco,riceryan@hotmail.com
68,universidad nacional de río cuarto,ingeniería electrónica,2020-07-21,angie moreno,female,28,7106,las toninas,lli@hotmail.com
69,universidad nacional de río cuarto,licenciatura en ciencias de la educación ,2020-05-21,kathleen thomas,female,66,2340,ceres,deanlisa@gmail.com
70,universidad nacional de río cuarto,licenciatura en gestión de agroalimentos,2020-10-20,alexander kaiser,male,33,1651,san andres,tyler73@yahoo.com
71,universidad nacional de río cuarto,licenciatura en ciencias antropológicas,2020-03-21,terri owen,female,49,1984,domselaar,leonardjones@gmail.com
72,universidad nacional de río cuarto,bioquímica,2020-04-21,jason herrera,male,19,2805,arroyo aleli,wchen@hotmail.com
73,universidad nacional de río cuarto,técnico para bioterios ,2020-12-20,john thompson dds,male,54,3386,caraguatay,ericamoore@gmail.com
74,universidad nacional de río cuarto,actuario ,2020-12-21,tammy brennan,female,42,3101,aldea brasilera,ypowell@yahoo.com
75,universidad nacional de río cuarto,licenciatura en ciencias de la educación ,2020-01-20,elizabeth glover,female,14,4700,banda varela,davisamy@yahoo.com
76,universidad nacional de río cuarto,arquitectura,2020-10-19,tracy mcintosh,female,28,6612,capdepont,scottvazquez@hotmail.com
77,universidad nacional de río cuarto,farmacia,2020-02-20,frederick johnston,male,7,8170,abra de hinojo,brownsierra@hotmail.com
78,universidad nacional de río cuarto,licenciatura en kinesiología y fisiatría,2020-11-19,william page,male,76,8183,avestruz,wiselaura@gmail.com
79,universidad nacional de río cuarto,agronomía,2020-04-20,richard kelley,male,83,3465,arroyo casco,davisalbert@gmail.com
80,universidad nacional de río cuarto,ingeniería mecánica,2020-04-21,erica abbott,female,83,1923,arroyo del pescado,talvarado@gmail.com
81,universidad nacional de río cuarto,licenciatura en ciencias ambientales,2020-07-21,karen kemp,female,25,6648,mecha,aprilfernandez@yahoo.com
82,universidad nacional de río cuarto,licenciatura en ciencias biológicas,2020-12-19,jordan roberts,male,75,3580,kilometro 408,njackson@gmail.com
83,universidad nacional de río cuarto,licenciatura en ciencias de la computación,2020-09-20,dr. alexis hess,female,16,1862,america unida,jessica60@yahoo.com
84,universidad nacional de río cuarto,actuario ,2020-08-21,james rogers,male,42,4411,sey,bowmanchristina@yahoo.com
85,universidad nacional de río cuarto,bioquímica,2020-07-20,chris vance,male,53,7201,colman,zbrennan@yahoo.com
86,universidad nacional de río cuarto,técnico para bioterios ,2020-12-20,matthew graham,male,80,2128,arroyo seco,ucordova@yahoo.com
87,universidad nacional de río cuarto,diseño de imagen y sonido,2020-12-19,christina thomas,female,6,5707,aguaditas,qhernandez@hotmail.com
88,universidad nacional de río cuarto,licenciatura en ciencias de la educación ,2020-10-21,sabrina reynolds,female,13,6559,recalde,vroberts@hotmail.com
89,universidad nacional de río cuarto,licenciatura en musicoterapia,2020-12-19,julia cook,female,48,6652,olascoaga,bradydanny@yahoo.com
90,universidad nacional de río cuarto,licenciatura en ciencia y tecnología de alimentos,2020-02-21,garrett alexander,male,89,4113,acostilla,hailey94@hotmail.com
91,universidad nacional de río cuarto,licenciatura en ciencias antropológicas,2020-01-21,deborah nguyen,female,30,5436,colonia zapata,donald94@hotmail.com
92,universidad nacional de río cuarto,diseño industrial,2020-10-19,troy calderon,male,45,2445,cristolia,dennisrichard@hotmail.com
93,universidad nacional de río cuarto,licenciatura en ciencias ambientales,2020-05-20,valerie chavez,female,83,5415,angaco norte,andrewtaylor@gmail.com
94,universidad nacional de río cuarto,licenciatura en ciencia política ,2020-10-21,kayla mccann,female,43,7519,san mayol,xtucker@gmail.com
95,universidad nacional de río cuarto,licenciatura en producción de bioimagenes,2020-08-21,pamela mcintosh,female,82,5265,agua los matos,michelle65@yahoo.com
96,universidad nacional de río cuarto,arquitectura,2020-01-20,kevin leon,male,62,4633,san pedro de iruya,kaylahall@yahoo.com
97,universidad nacional de río cuarto,licenciatura en sociología ,2020-11-21,megan jackson,female,54,5340,agua grande,cowankelly@gmail.com
98,universidad nacional de río cuarto,ingeniería mecánica,2020-03-21,christopher glenn,male,98,1755,rafael castillo,johnferguson@yahoo.com
99,universidad nacional de río cuarto,farmacia,2020-03-21,mark ortiz,male,44,2808,atucha,alanbond@hotmail.com
100,universidad nacional de río cuarto,técnico para bioterios ,2020-09-20,pamela moon,female,57,5584,barrio villa adela,frankjohnson@hotmail.com
101,universidad nacional de río cuarto,licenciatura en relaciones del trabajo ,2020-04-20,casey scott,male,40,2407,campo clucellas,robert40@hotmail.com
102,universidad nacional de río cuarto,licenciatura en producción de bioimagenes,2020-06-21,gordon bailey,male,13,4184,bustamante,qhudson@hotmail.com
103,universidad nacional de río cuarto,licenciatura en planificación y diseño del paisaje,2020-06-21,michelle gentry,female,33,7407,libano,kellyanderson@hotmail.com
104,universidad nacional de río cuarto,farmacia,2020-04-20,henry smith,male,34,4143,independencia,turnerlaurie@yahoo.com
105,universidad nacional de río cuarto,licenciatura en ciencia y tecnología de alimentos,2020-03-21,michelle rodriguez,female,64,6030,edmundo perkins,solisjennifer@yahoo.com
106,universidad nacional de río cuarto,ingeniería mecánica,2020-12-20,arthur rodriguez,male,84,3196,arroyo vega,ramossusan@gmail.com
107,universidad nacional de río cuarto,licenciatura en artes,2020-10-19,rita torres,female,33,1733,plomer,harrisphillip@gmail.com
108,universidad nacional de río cuarto,licenciatura en terapia ocupacional,2020-11-19,lauren turner,female,10,3363,25 de mayo,waltonstephen@gmail.com
109,universidad nacional de río cuarto,licenciatura en ciencias antropológicas,2020-06-20,stacy perez,female,52,3204,ayui parada,travismaddox@yahoo.com
110,universidad nacional de río cuarto,técnico para bioterios ,2020-12-21,katelyn thompson,female,27,6434,palantelen,dawnmata@gmail.com
111,universidad nacional de río cuarto,ingeniería electrónica,2020-11-21,michael prince,male,60,2258,campo quiñones,nicholasdoyle@yahoo.com
112,universidad nacional de río cuarto,licenciatura en psicología,2020-03-20,gloria miller,female,8,9220,cañadon la madera,robert39@gmail.com
113,universidad nacional de río cuarto,licenciatura en artes,2020-01-20,tara gilbert,female,77,7112,aguas verdes,pwilliams@hotmail.com
114,universidad nacional de río cuarto,licenciatura en ciencias ambientales,2020-02-21,jeremiah burns,male,61,6070,balsa,wrightcassandra@yahoo.com
115,universidad nacional de río cuarto,licenciatura en gestión de agroalimentos,2020-11-19,rhonda freeman,female,77,7112,aguas verdes,cindywashington@gmail.com
116,universidad nacional de río cuarto,ingeniería en informática,2020-08-20,christina baird,female,32,3718,amambay,gravestiffany@hotmail.com
117,universidad nacional de río cuarto,actuario ,2020-02-21,alexander johnson,male,79,6603,ingeniero williams,ianmosley@yahoo.com
118,universidad nacional de río cuarto,ciencias veterinarias,2020-08-21,heather shaw,female,36,4115,agua azul,martinezdavid@gmail.com
119,universidad nacional de río cuarto,técnico para bioterios ,2020-01-21,victoria martin,female,9,4501,abra del trigo,jeremiahporter@yahoo.com
120,universidad nacional de río cuarto,licenciatura en ciencias ambientales,2020-12-19,nicole cooper,female,97,2214,aldao,griffinlarry@hotmail.com
121,universidad nacional de río cuarto,licenciatura en ciencias de la computación,2020-01-21,thomas cook,male,15,2218,carrizales,zthompson@hotmail.com
122,universidad nacional de río cuarto,licenciatura en psicología,2020-03-20,juan smith,male,77,3203,arroyo grande,chelsealawson@hotmail.com
123,universidad nacional de río cuarto,arquitectura,2020-02-21,jonathan marshall,male,4,8148,estancia las isletas,unoble@hotmail.com
124,universidad nacional de río cuarto,licenciatura en ciencia y tecnología de alimentos,2020-09-21,donna moore,female,21,1984,domselaar,stuartmatthew@hotmail.com
125,universidad nacional de río cuarto,licenciatura en producción de bioimagenes,2020-05-20,maxwell mills,male,95,5873,isla,gibsoncrystal@hotmail.com
126,universidad nacional de río cuarto,licenciatura en psicología,2020-02-20,thomas johnson,male,6,2212,campo galloso,dunlaplaura@hotmail.com
127,universidad nacional de río cuarto,licenciatura en planificación y diseño del paisaje,2020-03-20,patricia morales,female,3,2741,el retiro,evanswendy@yahoo.com
128,universidad nacional de río cuarto,ingeniería electrónica,2020-06-20,charles johns,male,12,1638,vicente lopez,mikestephens@gmail.com
129,universidad nacional de río cuarto,medicina,2020-12-19,jeffrey anderson,male,1,6305,atreuco,joe80@gmail.com
130,universidad nacional de río cuarto,licenciatura en administración ,2020-03-21,jonathan brown,male,37,6459,colonia sere,jonesmichael@hotmail.com
131,universidad nacional de río cuarto,diseño industrial,2020-06-20,sandra pearson,female,95,5596,12 de octubre,patrickhawkins@yahoo.com
132,universidad nacional de río cuarto,ciencias veterinarias,2020-02-20,stephen cruz,male,19,2300,colonia bella italia,jroberts@gmail.com
133,universidad nacional de río cuarto,licenciatura en administración ,2020-04-21,anthony taylor,male,11,4624,abra mayo,laurapham@yahoo.com
134,universidad nacional de río cuarto,licenciatura en ciencia y tecnología de alimentos,2020-02-20,james lopez,male,11,1617,el talar,christopher58@hotmail.com
135,universidad nacional de río cuarto,licenciatura en ciencias geológicas,2020-11-20,james smith,male,12,3050,calchaqui,jessicagibbs@yahoo.com
136,universidad nacional de río cuarto,licenciatura en relaciones del trabajo ,2020-07-20,angel ramirez,female,12,1653,villa ballester,lsmith@yahoo.com
137,universidad nacional de río cuarto,farmacia,2020-12-21,matthew meyer,male,26,9211,cushamen,drew16@gmail.com
138,universidad nacional de río cuarto,técnico para bioterios ,2020-02-21,kelly sanders,female,70,3201,camba paso,atkinstoni@yahoo.com
139,universidad nacional de río cuarto,licenciatura en planificación y diseño del paisaje,2020-04-21,shawn rodriguez,male,13,6361,agustoni,owright@yahoo.com
140,universidad nacional de río cuarto,licenciatura en terapia ocupacional,2020-05-21,matthew cruz,male,16,4128,el carmen,elizabethholder@gmail.com
141,universidad nacional de río cuarto,diseño industrial,2020-06-20,kim myers,female,38,3463,aristia,gwagner@yahoo.com
142,universidad nacional de río cuarto,licenciatura en musicoterapia,2020-07-20,donna allen,female,68,8132,balneario chapalco,shannonmartin@hotmail.com
143,universidad nacional de río cuarto,licenciatura en producción de bioimagenes,2020-11-19,larry jackson,male,60,3142,alcaracito,tcummings@hotmail.com
144,universidad nacional de río cuarto,medicina,2020-04-20,jonathan austin,male,81,3021,campo andino,jasoncarr@yahoo.com
145,universidad nacional de río cuarto,arquitectura,2020-12-21,norman hernandez,male,73,3361,acaragua,qmathews@yahoo.com
146,universidad nacional de río cuarto,licenciatura en ciencias geológicas,2020-06-20,amanda hodges,female,71,3553,colonia duran,elizabethhicks@yahoo.com
147,universidad nacional de río cuarto,técnico para bioterios ,2020-06-21,lucas durham,male,24,6106,aaron castellanos,smcdonald@hotmail.com
148,universidad nacional de río cuarto,diseño industrial,2020-05-21,james lopez,male,46,3380,9 de julio kilometro 20,john93@gmail.com
149,universidad nacional de río cuarto,licenciatura en terapia ocupacional,2020-11-19,samantha moore,female,78,3361,acaragua,poconnell@hotmail.com
150,universidad nacional de río cuarto,arquitectura,2020-10-21,thomas woods,male,95,5741,13 de enero,lindsey40@yahoo.com
151,universidad nacional de río cuarto,diseño industrial,2020-10-20,mr. dennis lee,male,7,6515,carlos maria naon,laurenpowell@yahoo.com
152,universidad nacional de río cuarto,licenciatura en ciencias biológicas,2020-07-21,bonnie beck,female,3,5505,carbometal,osalazar@gmail.com
153,universidad nacional de río cuarto,ingeniería electrónica,2020-06-20,patricia houston,female,27,3463,aristia,hstephens@yahoo.com
154,universidad nacional de río cuarto,ciencias veterinarias,2020-12-19,heather scott,female,32,3180,diego lopez,clarkdouglas@hotmail.com
155,universidad nacional de río cuarto,licenciatura en ciencias antropológicas,2020-09-20,daniel vega,male,86,3180,diego lopez,ruthcruz@hotmail.com
156,universidad nacional de río cuarto,licenciatura en ciencias ambientales,2020-01-20,sarah burns,female,40,8328,allen,donnareynolds@yahoo.com
157,universidad nacional de río cuarto,licenciatura en ciencias antropológicas,2020-02-20,christina spence,female,59,5759,calera argentina,buckleytaylor@gmail.com
158,universidad nacional de río cuarto,arquitectura,2020-10-19,jeffery gutierrez,male,3,2828,colonia nueva montevideo,melissanguyen@gmail.com
159,universidad nacional de río cuarto,actuario ,2020-11-20,becky dunn,female,9,3541,campo las puertas,wolfeamanda@gmail.com
160,universidad nacional de río cuarto,técnico para bioterios ,2020-06-21,christian henry,male,22,4142,alto de leiva,mcarpenter@gmail.com
161,universidad nacional de río cuarto,licenciatura en ciencias ambientales,2020-05-20,katie schultz,female,13,5513,barrio jardin luzuriaga,christopherjimenez@yahoo.com
162,universidad nacional de río cuarto,licenciatura en relaciones del trabajo ,2020-05-20,cynthia johnson,female,12,5313,estacion mazan,hallricardo@hotmail.com
163,universidad nacional de río cuarto,contador público ,2020-03-21,james riley,male,54,5637,30 de octubre,tiffany23@yahoo.com
164,universidad nacional de río cuarto,arquitectura,2020-08-21,patrick mitchell,male,10,6032,blandengues,justin64@gmail.com
165,universidad nacional de río cuarto,ingeniería en informática,2020-03-21,tyler delgado,male,11,1661,bella vista,trevinojohn@hotmail.com
166,universidad nacional de río cuarto,diseño de imagen y sonido,2020-02-21,matthew hernandez,male,47,5365,el jumeal,kristiepotter@hotmail.com
167,universidad nacional de río cuarto,técnico para bioterios ,2020-11-21,michelle moss,female,9,5473,aguayo,jirwin@yahoo.com
168,universidad nacional de río cuarto,licenciatura en sociología ,2020-07-21,michelle meyer,female,98,3200,colonia los sauces,vancejennifer@hotmail.com
169,universidad nacional de río cuarto,ingeniería electrónica,2020-01-21,angela hensley,female,90,9111,bahia bustamante,ycastillo@yahoo.com
170,universidad nacional de río cuarto,ingeniería en informática,2020-02-20,bonnie day,female,33,1858,villa numancia,wbush@yahoo.com
171,universidad nacional de río cuarto,licenciatura en ciencia y tecnología de alimentos,2020-02-21,kimberly clarke,female,85,5419,baños de la laja,perezrandy@yahoo.com
172,universidad nacional de río cuarto,agronomía,2020-01-21,luis paul,male,14,1980,barrio la dolly,kturner@yahoo.com
173,universidad nacional de río cuarto,licenciatura en administración ,2020-10-20,stephen estrada,male,88,2208,gaboto,schultzmindy@yahoo.com
174,universidad nacional de río cuarto,arquitectura,2020-07-20,kevin dalton,male,63,9201,cachel,snowlinda@yahoo.com
175,universidad nacional de río cuarto,arquitectura,2020-09-21,jerry bradley,male,44,3358,cheroguita,kimberlywhitaker@hotmail.com
176,universidad nacional de río cuarto,licenciatura en ciencias biológicas,2020-03-20,dr. juan moore dds,male,43,6641,comodoro py,petersbrian@gmail.com
177,universidad nacional de río cuarto,licenciatura en ciencias geológicas,2020-11-19,donna turner,female,1,7541,d orbigny,cmontgomery@yahoo.com
178,universidad nacional de río cuarto,ingeniería en informática,2020-12-19,kevin sparks,male,75,8412,cañadon del corral,clinton26@yahoo.com
179,universidad nacional de río cuarto,medicina,2020-05-21,lynn brown,female,24,3332,capiovi,vthompson@yahoo.com
180,universidad nacional de río cuarto,ciencias veterinarias,2020-01-20,angela martin,female,40,3080,colonia pujol,juliegonzales@yahoo.com
181,universidad nacional de río cuarto,licenciatura en ciencias geológicas,2020-08-21,rebecca weaver,female,6,2725,hughes,gardnermegan@gmail.com
182,universidad nacional de río cuarto,licenciatura en kinesiología y fisiatría,2020-10-20,michael miller,male,73,8361,isla grande,diane57@hotmail.com
183,universidad nacional de río cuarto,licenciatura en planificación y diseño del paisaje,2020-02-20,bradley lee,male,25,2216,campo raffo,nathanielthompson@hotmail.com
184,universidad nacional de río cuarto,licenciatura en artes,2020-06-20,ryan white,male,14,5612,valle de las leñas,pattonbrett@hotmail.com
185,universidad nacional de río cuarto,ciencias veterinarias,2020-11-20,kyle carpenter,male,10,3181,arroyo moreira,guerradebra@gmail.com
186,universidad nacional de río cuarto,licenciatura en artes,2020-12-20,amber harris,female,13,2723,estancia las gamas,ndelgado@hotmail.com
187,universidad nacional de río cuarto,licenciatura en psicología,2020-11-19,shawn parks,male,72,3029,colonia adolfo alsina,phillipsbrian@hotmail.com
188,universidad nacional de río cuarto,ciencias veterinarias,2020-02-20,daryl thomas,male,50,2720,colon,jcampbell@hotmail.com
189,universidad nacional de río cuarto,licenciatura en ciencia y tecnología de alimentos,2020-10-21,shawn schultz,male,15,6207,alta italia,eryan@gmail.com
190,universidad nacional de río cuarto,licenciatura en ciencias de la computación,2020-04-21,misty edwards,female,12,1684,ciudad jardin del palomar,hannahpadilla@gmail.com
191,universidad nacional de río cuarto,arquitectura,2020-06-20,andrea avery,female,57,3083,grutly,carlyavila@gmail.com
192,universidad nacional de río cuarto,licenciatura en ciencia política ,2020-03-20,justin jimenez,male,13,3445,9 de julio,foxlinda@hotmail.com
193,universidad nacional de río cuarto,farmacia,2020-11-19,karen pruitt,female,0,7547,cascada,smithhannah@yahoo.com
194,universidad nacional de río cuarto,licenciatura en ciencias ambientales,2020-05-21,andrew rodriguez,male,46,6705,villa ruiz,patrick13@yahoo.com
195,universidad nacional de río cuarto,licenciatura en kinesiología y fisiatría,2020-10-20,lawrence peck,male,51,1752,lomas del mirador,jessica95@gmail.com
196,universidad nacional de río cuarto,ingeniería electrónica,2020-12-21,mary kelley,female,-1,1890,juan maria gutierrez,malonejeremy@hotmail.com
197,universidad nacional de río cuarto,ingeniería mecánica,2020-04-20,mark payne,male,75,1905,jose ferrari,brian88@gmail.com
198,universidad nacional de río cuarto,ingeniería en informática,2020-04-20,samantha nunez,female,10,6459,colonia sere,travisvasquez@yahoo.com
199,universidad nacional de río cuarto,contador público ,2020-07-21,christopher scott,male,6,8158,aparicio,larry22@gmail.com
200,universidad nacional de río cuarto,licenciatura en psicología,2020-01-20,patrick ball,male,61,3376,gobernador lanusse,wesleyleon@gmail.com
201,universidad nacional de río cuarto,ciencias veterinarias,2020-05-21,alisha chapman,female,39,3027,la pelada,hannah27@gmail.com
202,universidad nacional de río cuarto,licenciatura en artes,2020-11-21,evelyn jones,female,9,9400,an aike,anne86@yahoo.com
203,universidad nacional de río cuarto,diseño de imagen y sonido,2020-05-21,sarah brewer,female,16,2253,campo gimenez,linda14@yahoo.com
204,universidad nacional de río cuarto,licenciatura en administración ,2020-09-21,brittany cooper,female,49,3302,aguara cua,sarawilson@gmail.com
205,universidad nacional de río cuarto,licenciatura en producción de bioimagenes,2020-12-20,brian bell,male,12,4630,aparzo,shannongonzalez@hotmail.com
206,universidad nacional de río cuarto,licenciatura en ciencias biológicas,2020-06-21,willie gonzalez,male,55,5470,abra verde,gdennis@yahoo.com
207,universidad nacional de río cuarto,diseño industrial,2020-01-20,michael watts,male,87,5600,agua de la mula,andrewsantos@gmail.com
208,universidad nacional de río cuarto,licenciatura en kinesiología y fisiatría,2020-11-19,william jacobson,male,19,4000,estacion de zootecnia b,boydlinda@gmail.com
209,universidad nacional de río cuarto,licenciatura en terapia ocupacional,2020-04-21,toni friedman,female,94,3445,9 de julio,mandrade@gmail.com
210,universidad nacional de río cuarto,licenciatura en psicología,2020-10-19,joanna harris,female,14,5573,colonia delfino,kenneth89@yahoo.com
211,universidad nacional de río cuarto,licenciatura en administración ,2020-08-21,danielle nelson,female,56,5595,cupiles,melissachandler@yahoo.com
212,universidad nacional de río cuarto,licenciatura en psicología,2020-03-20,steven powers,male,94,8180,colonia dr gdor udaondo,meredith09@hotmail.com
213,universidad nacional de río cuarto,bioquímica,2020-09-21,joshua powell,male,45,3416,arroyo ceibal,garrisondominic@gmail.com
214,universidad nacional de río cuarto,licenciatura en terapia ocupacional,2020-11-20,scott cox,male,15,1686,hurlingham,brendamorales@yahoo.com
215,universidad nacional de río cuarto,farmacia,2020-09-20,matthew hernandez,male,45,3203,arroyo grande,wholt@hotmail.com
216,universidad nacional de río cuarto,licenciatura en ciencia política ,2020-03-21,erin avila dds,female,32,6740,chacabuco,amber69@yahoo.com
217,universidad nacional de río cuarto,licenciatura en ciencia política ,2020-04-21,jon randolph,male,75,8168,sierra de la ventana,qreynolds@hotmail.com
218,universidad nacional de río cuarto,licenciatura en sociología ,2020-10-20,michelle perry,female,75,9217,cholila,marcusparks@yahoo.com
219,universidad nacional de río cuarto,licenciatura en ciencias ambientales,2020-10-20,marcus fuller,male,11,8127,estela,herrerasarah@yahoo.com
220,universidad nacional de río cuarto,licenciatura en planificación y diseño del paisaje,2020-07-20,nicole lee,female,7,7109,barrio pedro rocco,ashley39@yahoo.com
221,universidad nacional de río cuarto,contador público ,2020-11-20,benjamin sanchez,male,79,9041,los antiguos,kjohnson@yahoo.com
222,universidad nacional de río cuarto,licenciatura en sociología ,2020-06-21,paul mejia,male,58,5467,acerillos,bmatthews@yahoo.com
223,universidad nacional de río cuarto,ingeniería en informática,2020-08-21,peggy flores,female,18,1870,avellaneda,rpage@yahoo.com
224,universidad nacional de río cuarto,licenciatura en ciencia política ,2020-05-21,john vaughan,male,23,4151,bajo de los sueldos,ashleybowers@gmail.com
225,universidad nacional de río cuarto,licenciatura en ciencias biológicas,2020-07-21,heidi thompson,female,51,6721,azcuenaga,ybowen@yahoo.com
226,universidad nacional de río cuarto,arquitectura,2020-09-21,troy rodriguez,male,66,1737,kilometro 77,cantrelljanet@yahoo.com
227,universidad nacional de río cuarto,licenciatura en ciencias antropológicas,2020-03-21,andrew simon,male,87,7007,caminera napaleofu,patrickatkins@hotmail.com
228,universidad nacional de río cuarto,diseño de imagen y sonido,2020-01-20,austin hansen,male,12,7161,labarden,stephanie60@gmail.com
229,universidad nacional de río cuarto,licenciatura en sociología ,2020-09-21,john myers,male,56,4103,bajo de raco,kristenflores@yahoo.com
230,universidad nacional de río cuarto,ingeniería mecánica,2020-04-21,james maynard,male,88,3111,almacen cristian schubert,jenniferhunter@hotmail.com
231,universidad nacional de río cuarto,licenciatura en ciencias de la computación,2020-05-21,rebecca bradley,female,45,2903,erezcano,ftaylor@gmail.com
232,universidad nacional de río cuarto,licenciatura en sociología ,2020-03-21,sandra martinez,female,73,1929,base naval rio santiago,leslie05@gmail.com
233,universidad nacional de río cuarto,diseño industrial,2020-07-20,mary morgan,female,34,9041,los antiguos,whitneysteven@yahoo.com
234,universidad nacional de río cuarto,licenciatura en ciencias de la computación,2020-06-20,justin grimes,male,10,4700,banda varela,upena@yahoo.com
235,universidad nacional de río cuarto,licenciatura en kinesiología y fisiatría,2020-11-19,megan stark,female,13,2618,carmen,kenneth42@yahoo.com
236,universidad nacional de río cuarto,contador público ,2020-03-20,courtney watkins,female,80,4719,balcosna,christopher16@hotmail.com
237,universidad nacional de río cuarto,licenciatura en ciencias ambientales,2020-03-21,nicole brown,female,16,1825,monte chingolo,nbrown@yahoo.com
238,universidad nacional de río cuarto,licenciatura en ciencias antropológicas,2020-06-20,alexander walker,male,52,2440,barrio belgrano ortiz,vpeterson@yahoo.com
239,universidad nacional de río cuarto,diseño de imagen y sonido,2020-10-21,brandon richmond,male,55,7113,la lucila del mar,frenchmarco@yahoo.com
240,universidad nacional de río cuarto,agronomía,2020-12-19,david stewart,male,14,6000,barrio carosio,robert18@hotmail.com
241,universidad nacional de río cuarto,ingeniería en informática,2020-11-21,kimberly sexton,female,60,2700,barrio trocha,david45@hotmail.com
242,universidad nacional de río cuarto,licenciatura en musicoterapia,2020-08-21,melissa gray,female,16,4168,agua blanca,teresa97@hotmail.com
243,universidad nacional de río cuarto,técnico para bioterios ,2020-11-21,daniel miller,male,4,2918,empalme villa constitucion,john24@yahoo.com
244,universidad nacional de río cuarto,licenciatura en sociología ,2020-01-21,benjamin ruiz,male,50,2707,4 de noviembre,juanmurphy@hotmail.com
245,universidad nacional de río cuarto,diseño industrial,2020-12-20,theresa hicks,female,62,3263,1 de mayo,floydjacqueline@gmail.com
246,universidad nacional de río cuarto,licenciatura en terapia ocupacional,2020-04-21,nicholas reynolds,male,87,9040,cañadon botello,rodriguezariel@hotmail.com
247,universidad nacional de río cuarto,contador público ,2020-08-21,robert hartman,male,5,7161,labarden,sarahwebster@hotmail.com
248,universidad nacional de río cuarto,licenciatura en ciencias antropológicas,2020-10-21,brady stevenson,male,4,3111,almacen cristian schubert,rdunn@hotmail.com
249,universidad nacional de río cuarto,ingeniería mecánica,2020-09-21,justin dickerson,male,74,3074,colonia el simbol,tammie60@hotmail.com
250,universidad nacional de río cuarto,medicina,2020-03-21,william peterson,male,50,4129,cañada,allenwesley@gmail.com
251,universidad nacional de río cuarto,ingeniería electrónica,2020-10-21,adam smith,male,91,4184,bustamante,therman@yahoo.com
252,universidad nacional de río cuarto,técnico para bioterios ,2020-06-20,linda larson,female,39,2126,alvear,jesuswilson@gmail.com
253,universidad nacional de río cuarto,medicina,2020-03-21,kimberly ware,female,62,6438,masurel,cjohnson@gmail.com
254,universidad nacional de río cuarto,actuario ,2020-03-20,andrew leonard,male,11,3534,colonia el aguara,calvin89@gmail.com
255,universidad nacional de río cuarto,diseño industrial,2020-01-21,anthony mckinney,male,29,3382,colonia cunci,ashley86@hotmail.com
256,universidad nacional de río cuarto,licenciatura en ciencia y tecnología de alimentos,2020-01-20,daniel stuart,male,8,1716,libertad,christina05@yahoo.com
257,universidad nacional de río cuarto,licenciatura en kinesiología y fisiatría,2020-02-21,kelli daniel,female,59,7607,balneario atlantida,paulturner@hotmail.com
258,universidad nacional de río cuarto,licenciatura en musicoterapia,2020-01-21,justin walker,male,0,8185,campo del norte americano,nicholaswilson@gmail.com
259,universidad nacional de río cuarto,licenciatura en relaciones del trabajo ,2020-02-20,scott patel,male,39,3234,bonpland,charlesanderson@hotmail.com
260,universidad nacional de río cuarto,licenciatura en musicoterapia,2020-10-21,oscar roth,male,83,8520,aguada del loro,vsimmons@gmail.com
261,universidad nacional de río cuarto,licenciatura en terapia ocupacional,2020-05-20,aaron shepherd,male,18,6612,capdepont,trevinotiffany@yahoo.com
262,universidad nacional de río cuarto,ingeniería en informática,2020-11-19,tamara shelton,female,68,3376,gobernador lanusse,sextoncrystal@hotmail.com
263,universidad nacional de río cuarto,ingeniería en informática,2020-08-20,michael rasmussen,male,91,4705,aguadita,joshua97@hotmail.com
264,universidad nacional de río cuarto,diseño de imagen y sonido,2020-04-20,heather wheeler,female,21,3114,aldea maria luisa,dennis27@gmail.com
265,universidad nacional de río cuarto,ingeniería en informática,2020-02-20,david kramer,male,70,7318,colonia hinojo,meghancampbell@gmail.com
266,universidad nacional de río cuarto,ingeniería mecánica,2020-10-21,michael baldwin,male,59,6013,baigorrita,victoriahill@gmail.com
267,universidad nacional de río cuarto,licenciatura en musicoterapia,2020-01-20,travis harrison,male,7,2824,britos,jlucas@hotmail.com
268,universidad nacional de río cuarto,licenciatura en relaciones del trabajo ,2020-04-21,kim osborne,female,38,4413,catua,ygeorge@yahoo.com
269,universidad nacional de río cuarto,licenciatura en terapia ocupacional,2020-08-21,gary walker,male,51,1814,barrio 1 de mayo,gomezamber@yahoo.com
270,universidad nacional de río cuarto,contador público ,2020-12-20,robert keller,male,83,3451,batelito,hcarter@yahoo.com
271,universidad nacional de río cuarto,arquitectura,2020-09-21,susan miller,female,46,3170,alberto gerchunoff,dpeters@yahoo.com
272,universidad nacional de río cuarto,licenciatura en ciencias ambientales,2020-05-21,glen lawson,male,56,7541,d orbigny,shelby98@gmail.com
273,universidad nacional de río cuarto,licenciatura en producción de bioimagenes,2020-10-19,nicholas cohen,male,70,1625,arroyo canelon,thomasroberts@yahoo.com
274,universidad nacional de río cuarto,farmacia,2020-06-21,kent johnson,male,1,7009,iraola,ginachristian@gmail.com
275,universidad nacional de río cuarto,licenciatura en sociología ,2020-12-19,heather morgan,female,13,3351,azara,michaelandrade@hotmail.com
276,universidad nacional de río cuarto,ciencias veterinarias,2020-04-20,derek moore,male,19,5317,apoyaco,xpena@yahoo.com
277,universidad nacional de río cuarto,actuario ,2020-09-20,kevin valentine,male,8,7240,kilometro 112,hernandezjason@hotmail.com
278,universidad nacional de río cuarto,licenciatura en terapia ocupacional,2020-06-21,emily morales,female,12,2123,campo calvo,veronica39@hotmail.com
279,universidad nacional de río cuarto,licenciatura en ciencias de la educación ,2020-07-20,jennifer morris,female,12,4740,agua salada,angelawebb@gmail.com
280,universidad nacional de río cuarto,licenciatura en sociología ,2020-04-21,stephen morrison,male,8,3317,arroyo magdalena,abigailking@yahoo.com
281,universidad nacional de río cuarto,licenciatura en ciencias ambientales,2020-02-20,jessica rodriguez,female,6,5331,andalucia,michael72@gmail.com
282,universidad nacional de río cuarto,agronomía,2020-09-20,kaitlin johnson,female,6,6628,colonia zambungo,asaunders@hotmail.com
283,universidad nacional de río cuarto,ingeniería electrónica,2020-09-20,keith delacruz,male,3,9303,cañadon del toro,barry04@gmail.com
284,universidad nacional de río cuarto,licenciatura en ciencias de la educación ,2020-11-19,melanie shaw,female,48,2751,almacen castro,jallen@gmail.com
285,universidad nacional de río cuarto,ingeniería en informática,2020-11-19,tim moore,male,49,3585,el sombrerito,roberthoffman@yahoo.com
286,universidad nacional de río cuarto,ingeniería electrónica,2020-07-21,richard simmons,male,6,8508,ambrosio p lezica,kevin22@gmail.com
287,universidad nacional de río cuarto,técnico para bioterios ,2020-06-21,lindsay hoover,female,75,3144,alcaraz 1ro,sheachristopher@gmail.com
288,universidad nacional de río cuarto,licenciatura en producción de bioimagenes,2020-02-20,mary hughes,female,54,2248,bernardo de irigoyen,griffinpeter@gmail.com
289,universidad nacional de río cuarto,licenciatura en ciencias de la educación ,2020-12-20,danielle mclean,female,47,2852,alarcon,beckdaniel@gmail.com
290,universidad nacional de río cuarto,diseño industrial,2020-11-20,joshua adams,male,38,2170,candelaria sud,nfletcher@hotmail.com
291,universidad nacional de río cuarto,ingeniería electrónica,2020-04-21,jared santiago,male,5,7226,gorchs,amber33@hotmail.com
292,universidad nacional de río cuarto,licenciatura en kinesiología y fisiatría,2020-07-21,denise mueller,female,8,8534,aguada cecilio,dodsonamy@yahoo.com
293,universidad nacional de río cuarto,ingeniería en informática,2020-03-21,andrew boyd,male,55,3580,kilometro 408,jkaufman@yahoo.com
294,universidad nacional de río cuarto,licenciatura en gestión de agroalimentos,2020-04-20,kristen hernandez,female,53,4707,chañarcito,jeanne25@yahoo.com
295,universidad nacional de río cuarto,agronomía,2020-02-21,levi byrd,male,14,5429,el abanico,tjohnson@hotmail.com
296,universidad nacional de río cuarto,licenciatura en ciencias geológicas,2020-09-20,sara richardson,female,27,3183,albariño,hsavage@gmail.com
297,universidad nacional de río cuarto,licenciatura en ciencias de la educación ,2020-12-21,travis long,male,45,2111,francisco paz,larrybrown@yahoo.com
298,universidad nacional de río cuarto,licenciatura en artes,2020-01-20,jennifer vargas,female,54,8363,colonia josefa,johncharles@gmail.com
299,universidad nacional de río cuarto,licenciatura en administración ,2020-08-20,andrew johnson,male,49,8536,chipauquil,wflores@yahoo.com
300,universidad nacional de río cuarto,bioquímica,2020-08-21,kenneth williamson phd,male,6,5555,puente del inca,tonyjoseph@gmail.com
301,universidad nacional de río cuarto,licenciatura en gestión de agroalimentos,2020-10-19,mrs. christy diaz,female,2,7119,cari larquea,christophermoreno@yahoo.com
302,universidad nacional de río cuarto,licenciatura en ciencia política ,2020-03-21,sarah reyes,female,2,6216,bagual,tayloramber@hotmail.com
303,universidad nacional de río cuarto,licenciatura en kinesiología y fisiatría,2020-08-20,dawn roman,female,48,3018,candioti,marythompson@gmail.com
304,universidad nacional de río cuarto,licenciatura en producción de bioimagenes,2020-02-21,linda barber,female,12,2440,barrio belgrano ortiz,kimberlyjenkins@gmail.com
305,universidad nacional de río cuarto,licenciatura en relaciones del trabajo ,2020-08-21,rebecca gillespie,female,12,9203,aldea escolar,reyesadrian@gmail.com
306,universidad nacional de río cuarto,licenciatura en ciencias antropológicas,2020-08-21,joel walker,male,85,3158,20 de septiembre,mark48@yahoo.com
307,universidad nacional de río cuarto,diseño de imagen y sonido,2020-08-21,andre boyer,male,12,4715,agua verde,cheryl96@yahoo.com
308,universidad nacional de río cuarto,licenciatura en kinesiología y fisiatría,2020-06-21,theresa bailey,female,20,6706,est jauregui va flandria,xhill@yahoo.com
309,universidad nacional de río cuarto,licenciatura en artes,2020-06-20,kelly payne,female,70,6034,colonia alberdi,sonya18@yahoo.com
310,universidad nacional de río cuarto,licenciatura en artes,2020-11-20,daisy hoffman,female,12,2826,aldea san antonio,zleblanc@gmail.com
311,universidad nacional de río cuarto,licenciatura en musicoterapia,2020-01-21,clayton jones,male,21,2501,berretta,brett22@hotmail.com
312,universidad nacional de río cuarto,licenciatura en gestión de agroalimentos,2020-09-21,dr. laura livingston,female,36,1879,quilmes oeste,lhooper@gmail.com
313,universidad nacional de río cuarto,licenciatura en gestión de agroalimentos,2020-03-21,andrea caldwell,female,97,8402,dina huapi,qmoyer@gmail.com
314,universidad nacional de río cuarto,licenciatura en planificación y diseño del paisaje,2020-04-20,christina walker,female,35,3016,san jose,costaryan@hotmail.com
315,universidad nacional de río cuarto,agronomía,2020-11-19,william wilson,male,82,3040,asuncion maria,laurenwilliams@hotmail.com
316,universidad nacional de río cuarto,diseño de imagen y sonido,2020-07-20,nancy gonzalez,female,2,8424,aguada de guerra,shannon40@gmail.com
317,universidad nacional de río cuarto,licenciatura en ciencias de la educación ,2020-01-20,melissa mason,female,27,6661,blas durañona,mhernandez@hotmail.com
318,universidad nacional de río cuarto,licenciatura en ciencias de la computación,2020-08-21,holly williams,female,31,7639,cooper,reynoldsbrian@yahoo.com
319,universidad nacional de río cuarto,licenciatura en planificación y diseño del paisaje,2020-01-20,jason rodriguez,male,30,5429,el abanico,trosales@hotmail.com
320,universidad nacional de río cuarto,contador público ,2020-04-20,jason rivera,male,55,2700,barrio trocha,hobbsdavid@yahoo.com
321,universidad nacional de río cuarto,agronomía,2020-10-21,kevin smith,male,48,3378,22 de diciembre,christinawolfe@yahoo.com
322,universidad nacional de río cuarto,licenciatura en terapia ocupacional,2020-12-20,cheryl stokes,female,40,5529,colonia bombal,goodmanmark@gmail.com
323,universidad nacional de río cuarto,licenciatura en relaciones del trabajo ,2020-10-19,edward wilson,male,9,6465,coraceros,salazaralbert@gmail.com
324,universidad nacional de río cuarto,medicina,2020-11-21,daniel griffin,male,81,5500,cerro aconcagua,walkertiffany@gmail.com
325,universidad nacional de río cuarto,contador público ,2020-11-20,alison kaufman,female,43,3162,aranguren,jade42@yahoo.com
326,universidad nacional de río cuarto,licenciatura en relaciones del trabajo ,2020-11-21,madison maldonado,female,41,5304,el tala,jasminerodriguez@yahoo.com
327,universidad nacional de río cuarto,diseño industrial,2020-07-21,martha clark,female,64,9039,hito 45,todom@yahoo.com
328,universidad nacional de río cuarto,diseño de imagen y sonido,2020-12-20,patrick phillips,male,93,1808,alejandro petion,donnasimon@gmail.com
329,universidad nacional de río cuarto,bioquímica,2020-12-21,julie meyer,female,12,5589,chapanay,smithandrew@hotmail.com
330,universidad nacional de río cuarto,licenciatura en ciencias antropológicas,2020-11-20,emma knapp,female,65,1744,cuartel v,kking@yahoo.com
331,universidad nacional de río cuarto,ingeniería en informática,2020-12-21,joseph jensen,male,25,1919,base aeronaval punta indio,bellronald@hotmail.com
